Workbook

Sheet 사용안내
A1: 건설공사 적정 공사기간 검토 (국토교통부 2026 가이드라인 기반)
B2: 공공 건설공사의 공사기간 산정기준(국토교통부 고시 제2024-1021호) 및 2026 가이드라인 적용 ▶ 금회 산정기준 : 동절기(12~익년 2월) 공사중지 미반영 — 동절기 반영은 「추가검토(동절기 반영)」 시트 참조
B4: ■ 산정 기본식
B5: 공사기간 | C5: ＝ ① 준비기간 + ② 비작업일수 + ③ 작업일수 + ④ 정리기간
B6: ③ 작업일수 | C6: ＝ 작업수량 ÷ (1일 작업량 × 투입작업조수) + 간접작업일수 + 보정일수
B7: ② 비작업일수 | C7: ＝ 기후비작업일수 + 법정공휴일수 − 중복일수(기후×공휴일÷달력일수) 〔주40시간 하한 월 8일〕
B8: 공종별 공사기간 | C8: ＝ 작업일수 + 비작업일수 → CP(주공정) 공종 합산
B9: 공사기간 | C9: ＝ 준비기간 + (CP 공종별 공사기간의 합) + 정리기간
B10: 적정성 검토 | C10: 산정값(A) vs 부록5 산정공식·실적평균(B) → |A−B|/B ≤ 20% 이면 적정
B12: ■ 시트 구성 및 사용 순서
B13: 시트 | C13: 내용
B14: ①공사개요 | C14: 공사명·시설유형·총공사비·착수일·준비/정리기간 등 기본조건 입력(노란셀)
B15: ②비작업일수 | C15: 월별 기후 비작업일수(②-1)·법정공휴일(부록1) → 월별 적용 비작업일수 자동 산정
B16: ②-1 기후비작업근거 | C16: 관측지점(전국 95개) 자동조회 + 시설유형별 권장 기상조건 자동선택(자동/수동). 하수도→하수관로 기준. 미세먼지 포함 → 월별 기후비작업일수 ②에 연동
B17: ③1일작업량DB | C17: 부록4 공종별 1일 작업량 데이터베이스 (④에서 자동 조회)
B18: ④작업일수산정 | C18: 수량집계 입력 → 부록4 매칭 시 1일작업량 자동조회 / 그 외 공종은 품셈 1일작업량 직접입력 → 작업일수 산출
B19: ⑤CP·공정순서 | C19: 순번(작업순서) 입력 → 전 단계 완료 후 착수, 같은 순번=병행, 중첩(자동/수동) 반영하여 일정 자동조정. 3단계 WBS·간트차트 자동 생성
B20: ⑥공사기간종합 | C20: 준비+CP+정리 = 총 공사기간(A), 개월 환산 및 월별 공정요약
B21: ⑦적정성검토 | C21: 부록5 산정공식 / 실적평균(B)과 비교하여 ±20% 적정성 자동 판정
B22: 추가검토(동절기 반영) | C22: 동절기(12~익년 2월) 공사중지를 반영한 경우의 추가 소요일정·순연 착공일·최종 준공일 및 발주청 조치사항. 금회 심의·제출 기준(①~⑦)은 동절기 미반영 기준임
B23: 부록참고 | C23: 부록1 법정공휴일(2026-2035)·부록2 작업제한 기상조건·부록5 산정공식
B24: 부록3DB | C24: 부록3 전국 95개 관측지점 × 13개 기상조건 월별 비작업일수 원자료 (편집 시 ②-1 자동 반영)
B26: ■ 셀 색상 안내
B27: 예시 | C27: 입력 셀 (사용자 입력)
B28: 예시 | C28: 자동 계산 셀
B29: 예시 | C29: 결과/요약 셀
B30: 예시 | C30: 검토 경고 셀
B32: ※ 본 파일은 검토 보조도구이며, 현장여건·공법·지반·기상조건에 따라 1일작업량·작업조·공정순서를 조정하여 적용해야 합니다.
B34: ■ 출력(인쇄) 안내 — 보고서 목차 대응
B35: 보고서 항목 | C35: 출력 시트 | D35: 용지 / 배율
B36: 1. 공사 개요 | C36: ①공사개요 (A1:H26) | D36: A4 세로 / 1페이지
B37: 4.3 기후여건에 따른 작업불가일수 | C37: ②-1 기후비작업근거 (A1:W74), ②-2 기후비작업근거 (A1:T77) | D37: A4 가로 / 폭 1p × 2p
B38: 4.4 월별 비작업일수 산정 | C38: ②비작업일수 (A1:L56) | D38: A4 가로 / 1페이지
B39: 5. 작업일수 (5.1~5.4) | C39: ④작업일수산정 (A1:R100), ④-1 (A1:R120), ④-2 (A1:R260), ④-3 (A1:S172) | D39: A4 가로 / 폭 1p × 2~5p
B40: 7. 주공정(CP) 구성 및 요약공정 | C40: ⑤CP구성 (A1:M80), CP공정표 (A1:BE74) — 일차·순연축 기준 산정근거 | D40: A4 가로 / ⑤ 1p×2p, CP 2p×2p
B41: 2. 공사기간 산정 / 9. 종합 | C41: ⑥공사기간종합 (인쇄영역 W3:AE13) | D41: A4 가로 / 1페이지
B42: 8. 공사기간 적정성 검토 | C42: ⑦적정성검토 (A1:I22) | D42: A4 가로 / 1페이지
B43: 9. 종합 [동절기 공사중지 고려사항] | C43: 추가검토(동절기 반영) (A1:J24) | D43: A4 가로 / 1페이지
B44: ※ 참고용(출력 제외) — 회색 탭 | C44: 사용안내, ③1일작업량DB, ⑤-1 동절기순연축, 부록참고, 부록3DB
B45: ※ 인쇄 시 위 출력 시트만 선택(Ctrl+클릭) 후 [선택 영역 인쇄]하십시오. 각 시트에는 인쇄영역·머리글·바닥글(시트명·페이지번호)이 지정되어 있습니다.
B46: ※ ⑥공사기간종합은 B~P열(산정엔진)과 R~V열(동절기 순연 참고)이 인쇄영역에서 제외되어 있으며, 보고서 2. 표와 동일한 W3:AE13만 출력됩니다. ⑤CP구성·⑦적정성검토도 참고열(달력일자·가동율 등)을 제외하였습니다.

Sheet ①공사개요
A1: ① 공사 개요 및 기본조건
B2: 노란색 셀에 입력하세요. 회색/녹색 셀은 자동 계산됩니다.
B4: [ 사업 정보 ] | E4: [ 산정 결과 요약 ] ※ 동절기 미반영 기준
B5: 공사명 | C5: 횡산소규모 + 신서 증설 + 노동리·우정리 하수관로정비 (3개 사업 통합 공사기간 산정) | E5: ① 준비기간 | F5: =①공사개요!$C$14 -> 60 | G5: 일
B6: 발주청 | C6: 연천군 | E6: ② 비작업일수(CP) | F6: =⑥공사기간종합!$F$9 -> 927.4 | G6: 일
B7: 시설유형 | C7: 하수도 | E7: ③ 작업일수(CP) | F7: =⑥공사기간종합!$E$9 -> 1207.9 | G7: 일
B8: 총공사비(추정금액) | C8: =SUM(⑦적정성검토!C14:C16)*100 -> 29521 | D8: 백만원 | E8: ④ 정리기간 | F8: =①공사개요!$C$15 -> 30 | G8: 일
B9: └ 환산(억원) | C9: =C8/100 -> 295.21 | D9: 억원 | E9: ▶ 총 공사기간(A) | F9: =⑥공사기간종합!$H$9 -> 1064.2 | G9: 일 | H9: 동절기 미반영 기준
B10: 착수예정일(YYYY-MM-DD) | C10: 46357 | E10: (개월 환산) | F10: =⑥공사기간종합!$I$9 -> 34.987397 | G10: 개월 | H10: ≒ 35개월
B11: 기상지역(부록3 기준) | C11: 철원 | E11: ※ 통합 공사기간은 3개 사업 병행 시공(착공 시차 ② +92일, ③ +184일)을 반영한 최초 착공~최종 준공 구간이며, ②·③란의 사업별 산정값 합계와는 일치하지 않는다.
E12: [ 적정성 판정 ]
B13: [ 준비·정리기간 ] (비작업일수 미계상) | E13: 기준 공사기간(B) | F13: =TEXT(⑦적정성검토!$G$6,"#,##0")&" / "&TEXT(⑦적정성검토!$G$7,"#,##0")&" / "&TEXT(⑦적정성검토!$G$8,"#,##0") -> 658 / 819 / 996 | G13: 일
B14: ① 준비기간 | C14: =부록참고!C42 -> 60 | D14: 일 | E14: 편차율 | F14: =TEXT(⑦적정성검토!$H$6,"+0.0%;−0.0%")&" / "&TEXT(⑦적정성검토!$H$7,"+0.0%;−0.0%")&" / "&TEXT(⑦적정성검토!$H$8,"+0.0%;−0.0%") -> −15.4% / +11.0% / −5.6%
B15: ④ 정리기간 | C15: 30 | D15: 일 | E15: 판정 | F15: =⑦적정성검토!$I$6&" / "&⑦적정성검토!$I$7&" / "&⑦적정성검토!$I$8 -> 적정 / 적정 / 적정 | G15: 횡산 / 신서 / 노동리 순
B16: ※ 준비기간 예시: 상수도60·하수처리시설은 시설특성 고려 / 정리기간 준공전 1개월 범위
B17: ※ 요약란은 ⑥공사기간종합의 3개 사업 전체값(착공 시차 반영)을 참조합니다. 부록5 적정성검토 변수는 ⑦시트에 사업별로 입력하세요.
B18: [ 부록5 적정성검토용 변수 ]
B19: 총공사비 | D19: =C9 -> 295.21 | F19: 억원
B20: 연면적 | D20: 1.56 | F20: (100㎡)
B21: 지상층수 | D21: 1 | F21: (층)
B22: 지하층수 | D22: 1 | F22: (층)
B24: ※ 시설유형이 부록5 공식과 다르거나 처리시설 등 연장기반이 아닌 경우 실적평균을 활용 권장
B25: ※ 본 시트의 산정결과는 동절기(12월~익년 2월) 공사중지를 반영하지 않은 공사기간이다. 실제 공사 시에는 동절기 공사중지를 반영하여야 하며, 그 결과는 「추가검토(동절기 반영)」 시트에 별도 제시하였다.
B26: ※ 사업별 착공 시차(동절기 미반영 기준) : ① 기준(2026.12.01.), ② +92일(2027.03.03.), ③ +184일(2027.06.03.)

Sheet ②비작업일수
A1: ② 비작업일수 산정 (월별)
B2: 비작업일수 = 기후비작업일수(A) + 법정공휴일수(B) − 중복일수(C=A×B÷달력일수, 반올림) / 주40시간 하한 월 8일
B3: ※ 구조물공사(②-1)와 하수관로공사(②-2)의 월별 기후비작업일수를 비교하여 큰 값을 자동 적용합니다.
B5: 착수년도 | C5: =YEAR(①공사개요!$C$10) -> 2026 | D5: 착수월 | E5: =MONTH(①공사개요!$C$10) -> 12
B7: No | C7: 년 | D7: 월 | E7: 달력일수 | F7: 기후비작업(A) =MAX(②-1,②-2) | G7: 법정공휴일(B) | H7: 중복(C) | I7: 소계(A+B-C) | J7: 적용비작업일수 | K7: 작업가능일 | L7: 가동율
B8: 1 | C8: =$C$5+INT(($E$5-1+0)/12) -> 2026 | D8: =MOD($E$5-1+0,12)+1 -> 12 | E8: =DAY(EOMONTH(DATE(C8,D8,1),0)) -> 31 | F8: =MAX(IFERROR(INDEX('②-1 기후비작업근거'!$F$69:$Q$69,1,D8),0),IFERROR(INDEX('②-2 기후비작업근거'!$F$72:$Q$72,1,D8),0)) -> 14.4 | G8: =IFERROR(INDEX(부록참고!$B$5:$N$14,MATCH(C8,INDEX(부록참고!$B$5:$N$14,0,1),0),D8+1),0) -> 5 | H8: =ROUND(F8*G8/E8,0) -> 2 | I8: =F8+G8-H8 -> 17.4 | J8: =MAX(I8,8) -> 17.4 | K8: =E8-J8 -> 13.6 | L8: =K8/E8 -> 0.43870968 | N8: =C8*100+D8 -> 202612 | O8: =(E8-J8)/E8 -> 0.43870968
B9: 2 | C9: =$C$5+INT(($E$5-1+1)/12) -> 2027 | D9: =MOD($E$5-1+1,12)+1 -> 1 | E9: =DAY(EOMONTH(DATE(C9,D9,1),0)) -> 31 | F9: =MAX(IFERROR(INDEX('②-1 기후비작업근거'!$F$69:$Q$69,1,D9),0),IFERROR(INDEX('②-2 기후비작업근거'!$F$72:$Q$72,1,D9),0)) -> 16.7 | G9: =IFERROR(INDEX(부록참고!$B$5:$N$14,MATCH(C9,INDEX(부록참고!$B$5:$N$14,0,1),0),D9+1),0) -> 6 | H9: =ROUND(F9*G9/E9,0) -> 3 | I9: =F9+G9-H9 -> 19.7 | J9: =MAX(I9,8) -> 19.7 | K9: =E9-J9 -> 11.3 | L9: =K9/E9 -> 0.36451613 | N9: =C9*100+D9 -> 202701 | O9: =(E9-J9)/E9 -> 0.36451613
B10: 3 | C10: =$C$5+INT(($E$5-1+2)/12) -> 2027 | D10: =MOD($E$5-1+2,12)+1 -> 2 | E10: =DAY(EOMONTH(DATE(C10,D10,1),0)) -> 28 | F10: =MAX(IFERROR(INDEX('②-1 기후비작업근거'!$F$69:$Q$69,1,D10),0),IFERROR(INDEX('②-2 기후비작업근거'!$F$72:$Q$72,1,D10),0)) -> 9.9 | G10: =IFERROR(INDEX(부록참고!$B$5:$N$14,MATCH(C10,INDEX(부록참고!$B$5:$N$14,0,1),0),D10+1),0) -> 7 | H10: =ROUND(F10*G10/E10,0) -> 2 | I10: =F10+G10-H10 -> 14.9 | J10: =MAX(I10,8) -> 14.9 | K10: =E10-J10 -> 13.1 | L10: =K10/E10 -> 0.46785714 | N10: =C10*100+D10 -> 202702 | O10: =(E10-J10)/E10 -> 0.46785714
B11: 4 | C11: =$C$5+INT(($E$5-1+3)/12) -> 2027 | D11: =MOD($E$5-1+3,12)+1 -> 3 | E11: =DAY(EOMONTH(DATE(C11,D11,1),0)) -> 31 | F11: =MAX(IFERROR(INDEX('②-1 기후비작업근거'!$F$69:$Q$69,1,D11),0),IFERROR(INDEX('②-2 기후비작업근거'!$F$72:$Q$72,1,D11),0)) -> 7.5 | G11: =IFERROR(INDEX(부록참고!$B$5:$N$14,MATCH(C11,INDEX(부록참고!$B$5:$N$14,0,1),0),D11+1),0) -> 5 | H11: =ROUND(F11*G11/E11,0) -> 1 | I11: =F11+G11-H11 -> 11.5 | J11: =MAX(I11,8) -> 11.5 | K11: =E11-J11 -> 19.5 | L11: =K11/E11 -> 0.62903226 | N11: =C11*100+D11 -> 202703 | O11: =(E11-J11)/E11 -> 0.62903226
B12: 5 | C12: =$C$5+INT(($E$5-1+4)/12) -> 2027 | D12: =MOD($E$5-1+4,12)+1 -> 4 | E12: =DAY(EOMONTH(DATE(C12,D12,1),0)) -> 30 | F12: =MAX(IFERROR(INDEX('②-1 기후비작업근거'!$F$69:$Q$69,1,D12),0),IFERROR(INDEX('②-2 기후비작업근거'!$F$72:$Q$72,1,D12),0)) -> 7 | G12: =IFERROR(INDEX(부록참고!$B$5:$N$14,MATCH(C12,INDEX(부록참고!$B$5:$N$14,0,1),0),D12+1),0) -> 4 | H12: =ROUND(F12*G12/E12,0) -> 1 | I12: =F12+G12-H12 -> 10 | J12: =MAX(I12,8) -> 10 | K12: =E12-J12 -> 20 | L12: =K12/E12 -> 0.66666667 | N12: =C12*100+D12 -> 202704 | O12: =(E12-J12)/E12 -> 0.66666667
B13: 6 | C13: =$C$5+INT(($E$5-1+5)/12) -> 2027 | D13: =MOD($E$5-1+5,12)+1 -> 5 | E13: =DAY(EOMONTH(DATE(C13,D13,1),0)) -> 31 | F13: =MAX(IFERROR(INDEX('②-1 기후비작업근거'!$F$69:$Q$69,1,D13),0),IFERROR(INDEX('②-2 기후비작업근거'!$F$72:$Q$72,1,D13),0)) -> 6.9 | G13: =IFERROR(INDEX(부록참고!$B$5:$N$14,MATCH(C13,INDEX(부록참고!$B$5:$N$14,0,1),0),D13+1),0) -> 7 | H13: =ROUND(F13*G13/E13,0) -> 2 | I13: =F13+G13-H13 -> 11.9 | J13: =MAX(I13,8) -> 11.9 | K13: =E13-J13 -> 19.1 | L13: =K13/E13 -> 0.61612903 | N13: =C13*100+D13 -> 202705 | O13: =(E13-J13)/E13 -> 0.61612903
B14: 7 | C14: =$C$5+INT(($E$5-1+6)/12) -> 2027 | D14: =MOD($E$5-1+6,12)+1 -> 6 | E14: =DAY(EOMONTH(DATE(C14,D14,1),0)) -> 30 | F14: =MAX(IFERROR(INDEX('②-1 기후비작업근거'!$F$69:$Q$69,1,D14),0),IFERROR(INDEX('②-2 기후비작업근거'!$F$72:$Q$72,1,D14),0)) -> 6 | G14: =IFERROR(INDEX(부록참고!$B$5:$N$14,MATCH(C14,INDEX(부록참고!$B$5:$N$14,0,1),0),D14+1),0) -> 4 | H14: =ROUND(F14*G14/E14,0) -> 1 | I14: =F14+G14-H14 -> 9 | J14: =MAX(I14,8) -> 9 | K14: =E14-J14 -> 21 | L14: =K14/E14 -> 0.7 | N14: =C14*100+D14 -> 202706 | O14: =(E14-J14)/E14 -> 0.7
B15: 8 | C15: =$C$5+INT(($E$5-1+7)/12) -> 2027 | D15: =MOD($E$5-1+7,12)+1 -> 7 | E15: =DAY(EOMONTH(DATE(C15,D15,1),0)) -> 31 | F15: =MAX(IFERROR(INDEX('②-1 기후비작업근거'!$F$69:$Q$69,1,D15),0),IFERROR(INDEX('②-2 기후비작업근거'!$F$72:$Q$72,1,D15),0)) -> 16.3 | G15: =IFERROR(INDEX(부록참고!$B$5:$N$14,MATCH(C15,INDEX(부록참고!$B$5:$N$14,0,1),0),D15+1),0) -> 4 | H15: =ROUND(F15*G15/E15,0) -> 2 | I15: =F15+G15-H15 -> 18.3 | J15: =MAX(I15,8) -> 18.3 | K15: =E15-J15 -> 12.7 | L15: =K15/E15 -> 0.40967742 | N15: =C15*100+D15 -> 202707 | O15: =(E15-J15)/E15 -> 0.40967742
B16: 9 | C16: =$C$5+INT(($E$5-1+8)/12) -> 2027 | D16: =MOD($E$5-1+8,12)+1 -> 8 | E16: =DAY(EOMONTH(DATE(C16,D16,1),0)) -> 31 | F16: =MAX(IFERROR(INDEX('②-1 기후비작업근거'!$F$69:$Q$69,1,D16),0),IFERROR(INDEX('②-2 기후비작업근거'!$F$72:$Q$72,1,D16),0)) -> 17.9 | G16: =IFERROR(INDEX(부록참고!$B$5:$N$14,MATCH(C16,INDEX(부록참고!$B$5:$N$14,0,1),0),D16+1),0) -> 6 | H16: =ROUND(F16*G16/E16,0) -> 3 | I16: =F16+G16-H16 -> 20.9 | J16: =MAX(I16,8) -> 20.9 | K16: =E16-J16 -> 10.1 | L16: =K16/E16 -> 0.32580645 | N16: =C16*100+D16 -> 202708 | O16: =(E16-J16)/E16 -> 0.32580645
B17: 10 | C17: =$C$5+INT(($E$5-1+9)/12) -> 2027 | D17: =MOD($E$5-1+9,12)+1 -> 9 | E17: =DAY(EOMONTH(DATE(C17,D17,1),0)) -> 30 | F17: =MAX(IFERROR(INDEX('②-1 기후비작업근거'!$F$69:$Q$69,1,D17),0),IFERROR(INDEX('②-2 기후비작업근거'!$F$72:$Q$72,1,D17),0)) -> 4.9 | G17: =IFERROR(INDEX(부록참고!$B$5:$N$14,MATCH(C17,INDEX(부록참고!$B$5:$N$14,0,1),0),D17+1),0) -> 7 | H17: =ROUND(F17*G17/E17,0) -> 1 | I17: =F17+G17-H17 -> 10.9 | J17: =MAX(I17,8) -> 10.9 | K17: =E17-J17 -> 19.1 | L17: =K17/E17 -> 0.63666667 | N17: =C17*100+D17 -> 202709 | O17: =(E17-J17)/E17 -> 0.63666667
B18: 11 | C18: =$C$5+INT(($E$5-1+10)/12) -> 2027 | D18: =MOD($E$5-1+10,12)+1 -> 10 | E18: =DAY(EOMONTH(DATE(C18,D18,1),0)) -> 31 | F18: =MAX(IFERROR(INDEX('②-1 기후비작업근거'!$F$69:$Q$69,1,D18),0),IFERROR(INDEX('②-2 기후비작업근거'!$F$72:$Q$72,1,D18),0)) -> 4.2 | G18: =IFERROR(INDEX(부록참고!$B$5:$N$14,MATCH(C18,INDEX(부록참고!$B$5:$N$14,0,1),0),D18+1),0) -> 8 | H18: =ROUND(F18*G18/E18,0) -> 1 | I18: =F18+G18-H18 -> 11.2 | J18: =MAX(I18,8) -> 11.2 | K18: =E18-J18 -> 19.8 | L18: =K18/E18 -> 0.63870968 | N18: =C18*100+D18 -> 202710 | O18: =(E18-J18)/E18 -> 0.63870968
B19: 12 | C19: =$C$5+INT(($E$5-1+11)/12) -> 2027 | D19: =MOD($E$5-1+11,12)+1 -> 11 | E19: =DAY(EOMONTH(DATE(C19,D19,1),0)) -> 30 | F19: =MAX(IFERROR(INDEX('②-1 기후비작업근거'!$F$69:$Q$69,1,D19),0),IFERROR(INDEX('②-2 기후비작업근거'!$F$72:$Q$72,1,D19),0)) -> 6.6 | G19: =IFERROR(INDEX(부록참고!$B$5:$N$14,MATCH(C19,INDEX(부록참고!$B$5:$N$14,0,1),0),D19+1),0) -> 4 | H19: =ROUND(F19*G19/E19,0) -> 1 | I19: =F19+G19-H19 -> 9.6 | J19: =MAX(I19,8) -> 9.6 | K19: =E19-J19 -> 20.4 | L19: =K19/E19 -> 0.68 | N19: =C19*100+D19 -> 202711 | O19: =(E19-J19)/E19 -> 0.68
B20: 13 | C20: =$C$5+INT(($E$5-1+12)/12) -> 2027 | D20: =MOD($E$5-1+12,12)+1 -> 12 | E20: =DAY(EOMONTH(DATE(C20,D20,1),0)) -> 31 | F20: =MAX(IFERROR(INDEX('②-1 기후비작업근거'!$F$69:$Q$69,1,D20),0),IFERROR(INDEX('②-2 기후비작업근거'!$F$72:$Q$72,1,D20),0)) -> 14.4 | G20: =IFERROR(INDEX(부록참고!$B$5:$N$14,MATCH(C20,INDEX(부록참고!$B$5:$N$14,0,1),0),D20+1),0) -> 6 | H20: =ROUND(F20*G20/E20,0) -> 3 | I20: =F20+G20-H20 -> 17.4 | J20: =MAX(I20,8) -> 17.4 | K20: =E20-J20 -> 13.6 | L20: =K20/E20 -> 0.43870968 | N20: =C20*100+D20 -> 202712 | O20: =(E20-J20)/E20 -> 0.43870968
B21: 14 | C21: =$C$5+INT(($E$5-1+13)/12) -> 2028 | D21: =MOD($E$5-1+13,12)+1 -> 1 | E21: =DAY(EOMONTH(DATE(C21,D21,1),0)) -> 31 | F21: =MAX(IFERROR(INDEX('②-1 기후비작업근거'!$F$69:$Q$69,1,D21),0),IFERROR(INDEX('②-2 기후비작업근거'!$F$72:$Q$72,1,D21),0)) -> 16.7 | G21: =IFERROR(INDEX(부록참고!$B$5:$N$14,MATCH(C21,INDEX(부록참고!$B$5:$N$14,0,1),0),D21+1),0) -> 9 | H21: =ROUND(F21*G21/E21,0) -> 5 | I21: =F21+G21-H21 -> 20.7 | J21: =MAX(I21,8) -> 20.7 | K21: =E21-J21 -> 10.3 | L21: =K21/E21 -> 0.33225806 | N21: =C21*100+D21 -> 202801 | O21: =(E21-J21)/E21 -> 0.33225806
B22: 15 | C22: =$C$5+INT(($E$5-1+14)/12) -> 2028 | D22: =MOD($E$5-1+14,12)+1 -> 2 | E22: =DAY(EOMONTH(DATE(C22,D22,1),0)) -> 29 | F22: =MAX(IFERROR(INDEX('②-1 기후비작업근거'!$F$69:$Q$69,1,D22),0),IFERROR(INDEX('②-2 기후비작업근거'!$F$72:$Q$72,1,D22),0)) -> 9.9 | G22: =IFERROR(INDEX(부록참고!$B$5:$N$14,MATCH(C22,INDEX(부록참고!$B$5:$N$14,0,1),0),D22+1),0) -> 4 | H22: =ROUND(F22*G22/E22,0) -> 1 | I22: =F22+G22-H22 -> 12.9 | J22: =MAX(I22,8) -> 12.9 | K22: =E22-J22 -> 16.1 | L22: =K22/E22 -> 0.55517241 | N22: =C22*100+D22 -> 202802 | O22: =(E22-J22)/E22 -> 0.55517241
B23: 16 | C23: =$C$5+INT(($E$5-1+15)/12) -> 2028 | D23: =MOD($E$5-1+15,12)+1 -> 3 | E23: =DAY(EOMONTH(DATE(C23,D23,1),0)) -> 31 | F23: =MAX(IFERROR(INDEX('②-1 기후비작업근거'!$F$69:$Q$69,1,D23),0),IFERROR(INDEX('②-2 기후비작업근거'!$F$72:$Q$72,1,D23),0)) -> 7.5 | G23: =IFERROR(INDEX(부록참고!$B$5:$N$14,MATCH(C23,INDEX(부록참고!$B$5:$N$14,0,1),0),D23+1),0) -> 5 | H23: =ROUND(F23*G23/E23,0) -> 1 | I23: =F23+G23-H23 -> 11.5 | J23: =MAX(I23,8) -> 11.5 | K23: =E23-J23 -> 19.5 | L23: =K23/E23 -> 0.62903226 | N23: =C23*100+D23 -> 202803
B24: 17 | C24: =$C$5+INT(($E$5-1+16)/12) -> 2028 | D24: =MOD($E$5-1+16,12)+1 -> 4 | E24: =DAY(EOMONTH(DATE(C24,D24,1),0)) -> 30 | F24: =MAX(IFERROR(INDEX('②-1 기후비작업근거'!$F$69:$Q$69,1,D24),0),IFERROR(INDEX('②-2 기후비작업근거'!$F$72:$Q$72,1,D24),0)) -> 7 | G24: =IFERROR(INDEX(부록참고!$B$5:$N$14,MATCH(C24,INDEX(부록참고!$B$5:$N$14,0,1),0),D24+1),0) -> 5 | H24: =ROUND(F24*G24/E24,0) -> 1 | I24: =F24+G24-H24 -> 11 | J24: =MAX(I24,8) -> 11 | K24: =E24-J24 -> 19 | L24: =K24/E24 -> 0.63333333 | N24: =C24*100+D24 -> 202804
B25: 18 | C25: =$C$5+INT(($E$5-1+17)/12) -> 2028 | D25: =MOD($E$5-1+17,12)+1 -> 5 | E25: =DAY(EOMONTH(DATE(C25,D25,1),0)) -> 31 | F25: =MAX(IFERROR(INDEX('②-1 기후비작업근거'!$F$69:$Q$69,1,D25),0),IFERROR(INDEX('②-2 기후비작업근거'!$F$72:$Q$72,1,D25),0)) -> 6.9 | G25: =IFERROR(INDEX(부록참고!$B$5:$N$14,MATCH(C25,INDEX(부록참고!$B$5:$N$14,0,1),0),D25+1),0) -> 6 | H25: =ROUND(F25*G25/E25,0) -> 1 | I25: =F25+G25-H25 -> 11.9 | J25: =MAX(I25,8) -> 11.9 | K25: =E25-J25 -> 19.1 | L25: =K25/E25 -> 0.61612903 | N25: =C25*100+D25 -> 202805
B26: 19 | C26: =$C$5+INT(($E$5-1+18)/12) -> 2028 | D26: =MOD($E$5-1+18,12)+1 -> 6 | E26: =DAY(EOMONTH(DATE(C26,D26,1),0)) -> 30 | F26: =MAX(IFERROR(INDEX('②-1 기후비작업근거'!$F$69:$Q$69,1,D26),0),IFERROR(INDEX('②-2 기후비작업근거'!$F$72:$Q$72,1,D26),0)) -> 6 | G26: =IFERROR(INDEX(부록참고!$B$5:$N$14,MATCH(C26,INDEX(부록참고!$B$5:$N$14,0,1),0),D26+1),0) -> 5 | H26: =ROUND(F26*G26/E26,0) -> 1 | I26: =F26+G26-H26 -> 10 | J26: =MAX(I26,8) -> 10 | K26: =E26-J26 -> 20 | L26: =K26/E26 -> 0.66666667 | N26: =C26*100+D26 -> 202806
B27: 20 | C27: =$C$5+INT(($E$5-1+19)/12) -> 2028 | D27: =MOD($E$5-1+19,12)+1 -> 7 | E27: =DAY(EOMONTH(DATE(C27,D27,1),0)) -> 31 | F27: =MAX(IFERROR(INDEX('②-1 기후비작업근거'!$F$69:$Q$69,1,D27),0),IFERROR(INDEX('②-2 기후비작업근거'!$F$72:$Q$72,1,D27),0)) -> 16.3 | G27: =IFERROR(INDEX(부록참고!$B$5:$N$14,MATCH(C27,INDEX(부록참고!$B$5:$N$14,0,1),0),D27+1),0) -> 5 | H27: =ROUND(F27*G27/E27,0) -> 3 | I27: =F27+G27-H27 -> 18.3 | J27: =MAX(I27,8) -> 18.3 | K27: =E27-J27 -> 12.7 | L27: =K27/E27 -> 0.40967742 | N27: =C27*100+D27 -> 202807
B28: 21 | C28: =$C$5+INT(($E$5-1+20)/12) -> 2028 | D28: =MOD($E$5-1+20,12)+1 -> 8 | E28: =DAY(EOMONTH(DATE(C28,D28,1),0)) -> 31 | F28: =MAX(IFERROR(INDEX('②-1 기후비작업근거'!$F$69:$Q$69,1,D28),0),IFERROR(INDEX('②-2 기후비작업근거'!$F$72:$Q$72,1,D28),0)) -> 17.9 | G28: =IFERROR(INDEX(부록참고!$B$5:$N$14,MATCH(C28,INDEX(부록참고!$B$5:$N$14,0,1),0),D28+1),0) -> 5 | H28: =ROUND(F28*G28/E28,0) -> 3 | I28: =F28+G28-H28 -> 19.9 | J28: =MAX(I28,8) -> 19.9 | K28: =E28-J28 -> 11.1 | L28: =K28/E28 -> 0.35806452 | N28: =C28*100+D28 -> 202808
B29: 22 | C29: =$C$5+INT(($E$5-1+21)/12) -> 2028 | D29: =MOD($E$5-1+21,12)+1 -> 9 | E29: =DAY(EOMONTH(DATE(C29,D29,1),0)) -> 30 | F29: =MAX(IFERROR(INDEX('②-1 기후비작업근거'!$F$69:$Q$69,1,D29),0),IFERROR(INDEX('②-2 기후비작업근거'!$F$72:$Q$72,1,D29),0)) -> 4.9 | G29: =IFERROR(INDEX(부록참고!$B$5:$N$14,MATCH(C29,INDEX(부록참고!$B$5:$N$14,0,1),0),D29+1),0) -> 4 | H29: =ROUND(F29*G29/E29,0) -> 1 | I29: =F29+G29-H29 -> 7.9 | J29: =MAX(I29,8) -> 8 | K29: =E29-J29 -> 22 | L29: =K29/E29 -> 0.73333333 | N29: =C29*100+D29 -> 202809
B30: 23 | C30: =$C$5+INT(($E$5-1+22)/12) -> 2028 | D30: =MOD($E$5-1+22,12)+1 -> 10 | E30: =DAY(EOMONTH(DATE(C30,D30,1),0)) -> 31 | F30: =MAX(IFERROR(INDEX('②-1 기후비작업근거'!$F$69:$Q$69,1,D30),0),IFERROR(INDEX('②-2 기후비작업근거'!$F$72:$Q$72,1,D30),0)) -> 4.2 | G30: =IFERROR(INDEX(부록참고!$B$5:$N$14,MATCH(C30,INDEX(부록참고!$B$5:$N$14,0,1),0),D30+1),0) -> 10 | H30: =ROUND(F30*G30/E30,0) -> 1 | I30: =F30+G30-H30 -> 13.2 | J30: =MAX(I30,8) -> 13.2 | K30: =E30-J30 -> 17.8 | L30: =K30/E30 -> 0.57419355 | N30: =C30*100+D30 -> 202810
B31: 24 | C31: =$C$5+INT(($E$5-1+23)/12) -> 2028 | D31: =MOD($E$5-1+23,12)+1 -> 11 | E31: =DAY(EOMONTH(DATE(C31,D31,1),0)) -> 30 | F31: =MAX(IFERROR(INDEX('②-1 기후비작업근거'!$F$69:$Q$69,1,D31),0),IFERROR(INDEX('②-2 기후비작업근거'!$F$72:$Q$72,1,D31),0)) -> 6.6 | G31: =IFERROR(INDEX(부록참고!$B$5:$N$14,MATCH(C31,INDEX(부록참고!$B$5:$N$14,0,1),0),D31+1),0) -> 4 | H31: =ROUND(F31*G31/E31,0) -> 1 | I31: =F31+G31-H31 -> 9.6 | J31: =MAX(I31,8) -> 9.6 | K31: =E31-J31 -> 20.4 | L31: =K31/E31 -> 0.68 | N31: =C31*100+D31 -> 202811
B32: 25 | C32: =$C$5+INT(($E$5-1+24)/12) -> 2028 | D32: =MOD($E$5-1+24,12)+1 -> 12 | E32: =DAY(EOMONTH(DATE(C32,D32,1),0)) -> 31 | F32: =MAX(IFERROR(INDEX('②-1 기후비작업근거'!$F$69:$Q$69,1,D32),0),IFERROR(INDEX('②-2 기후비작업근거'!$F$72:$Q$72,1,D32),0)) -> 14.4 | G32: =IFERROR(INDEX(부록참고!$B$5:$N$14,MATCH(C32,INDEX(부록참고!$B$5:$N$14,0,1),0),D32+1),0) -> 6 | H32: =ROUND(F32*G32/E32,0) -> 3 | I32: =F32+G32-H32 -> 17.4 | J32: =MAX(I32,8) -> 17.4 | K32: =E32-J32 -> 13.6 | L32: =K32/E32 -> 0.43870968 | N32: =C32*100+D32 -> 202812 | O32: =(E32-J32)/E32 -> 0.43870968
B33: 26 | C33: =$C$5+INT(($E$5-1+25)/12) -> 2029 | D33: =MOD($E$5-1+25,12)+1 -> 1 | E33: =DAY(EOMONTH(DATE(C33,D33,1),0)) -> 31 | F33: =MAX(IFERROR(INDEX('②-1 기후비작업근거'!$F$69:$Q$69,1,D33),0),IFERROR(INDEX('②-2 기후비작업근거'!$F$72:$Q$72,1,D33),0)) -> 16.7 | G33: =IFERROR(INDEX(부록참고!$B$5:$N$14,MATCH(C33,INDEX(부록참고!$B$5:$N$14,0,1),0),D33+1),0) -> 5 | H33: =ROUND(F33*G33/E33,0) -> 3 | I33: =F33+G33-H33 -> 18.7 | J33: =MAX(I33,8) -> 18.7 | K33: =E33-J33 -> 12.3 | L33: =K33/E33 -> 0.39677419 | N33: =C33*100+D33 -> 202901 | O33: =(E33-J33)/E33 -> 0.39677419
B34: 27 | C34: =$C$5+INT(($E$5-1+26)/12) -> 2029 | D34: =MOD($E$5-1+26,12)+1 -> 2 | E34: =DAY(EOMONTH(DATE(C34,D34,1),0)) -> 28 | F34: =MAX(IFERROR(INDEX('②-1 기후비작업근거'!$F$69:$Q$69,1,D34),0),IFERROR(INDEX('②-2 기후비작업근거'!$F$72:$Q$72,1,D34),0)) -> 9.9 | G34: =IFERROR(INDEX(부록참고!$B$5:$N$14,MATCH(C34,INDEX(부록참고!$B$5:$N$14,0,1),0),D34+1),0) -> 7 | H34: =ROUND(F34*G34/E34,0) -> 2 | I34: =F34+G34-H34 -> 14.9 | J34: =MAX(I34,8) -> 14.9 | K34: =E34-J34 -> 13.1 | L34: =K34/E34 -> 0.46785714 | N34: =C34*100+D34 -> 202902 | O34: =(E34-J34)/E34 -> 0.46785714
B35: 28 | C35: =$C$5+INT(($E$5-1+27)/12) -> 2029 | D35: =MOD($E$5-1+27,12)+1 -> 3 | E35: =DAY(EOMONTH(DATE(C35,D35,1),0)) -> 31 | F35: =MAX(IFERROR(INDEX('②-1 기후비작업근거'!$F$69:$Q$69,1,D35),0),IFERROR(INDEX('②-2 기후비작업근거'!$F$72:$Q$72,1,D35),0)) -> 7.5 | G35: =IFERROR(INDEX(부록참고!$B$5:$N$14,MATCH(C35,INDEX(부록참고!$B$5:$N$14,0,1),0),D35+1),0) -> 5 | H35: =ROUND(F35*G35/E35,0) -> 1 | I35: =F35+G35-H35 -> 11.5 | J35: =MAX(I35,8) -> 11.5 | K35: =E35-J35 -> 19.5 | L35: =K35/E35 -> 0.62903226 | N35: =C35*100+D35 -> 202903
B36: 29 | C36: =$C$5+INT(($E$5-1+28)/12) -> 2029 | D36: =MOD($E$5-1+28,12)+1 -> 4 | E36: =DAY(EOMONTH(DATE(C36,D36,1),0)) -> 30 | F36: =MAX(IFERROR(INDEX('②-1 기후비작업근거'!$F$69:$Q$69,1,D36),0),IFERROR(INDEX('②-2 기후비작업근거'!$F$72:$Q$72,1,D36),0)) -> 7 | G36: =IFERROR(INDEX(부록참고!$B$5:$N$14,MATCH(C36,INDEX(부록참고!$B$5:$N$14,0,1),0),D36+1),0) -> 5 | H36: =ROUND(F36*G36/E36,0) -> 1 | I36: =F36+G36-H36 -> 11 | J36: =MAX(I36,8) -> 11 | K36: =E36-J36 -> 19 | L36: =K36/E36 -> 0.63333333 | N36: =C36*100+D36 -> 202904
B37: 30 | C37: =$C$5+INT(($E$5-1+29)/12) -> 2029 | D37: =MOD($E$5-1+29,12)+1 -> 5 | E37: =DAY(EOMONTH(DATE(C37,D37,1),0)) -> 31 | F37: =MAX(IFERROR(INDEX('②-1 기후비작업근거'!$F$69:$Q$69,1,D37),0),IFERROR(INDEX('②-2 기후비작업근거'!$F$72:$Q$72,1,D37),0)) -> 6.9 | G37: =IFERROR(INDEX(부록참고!$B$5:$N$14,MATCH(C37,INDEX(부록참고!$B$5:$N$14,0,1),0),D37+1),0) -> 7 | H37: =ROUND(F37*G37/E37,0) -> 2 | I37: =F37+G37-H37 -> 11.9 | J37: =MAX(I37,8) -> 11.9 | K37: =E37-J37 -> 19.1 | L37: =K37/E37 -> 0.61612903 | N37: =C37*100+D37 -> 202905
B38: 31 | C38: =$C$5+INT(($E$5-1+30)/12) -> 2029 | D38: =MOD($E$5-1+30,12)+1 -> 6 | E38: =DAY(EOMONTH(DATE(C38,D38,1),0)) -> 30 | F38: =MAX(IFERROR(INDEX('②-1 기후비작업근거'!$F$69:$Q$69,1,D38),0),IFERROR(INDEX('②-2 기후비작업근거'!$F$72:$Q$72,1,D38),0)) -> 6 | G38: =IFERROR(INDEX(부록참고!$B$5:$N$14,MATCH(C38,INDEX(부록참고!$B$5:$N$14,0,1),0),D38+1),0) -> 5 | H38: =ROUND(F38*G38/E38,0) -> 1 | I38: =F38+G38-H38 -> 10 | J38: =MAX(I38,8) -> 10 | K38: =E38-J38 -> 20 | L38: =K38/E38 -> 0.66666667 | N38: =C38*100+D38 -> 202906
B39: 32 | C39: =$C$5+INT(($E$5-1+31)/12) -> 2029 | D39: =MOD($E$5-1+31,12)+1 -> 7 | E39: =DAY(EOMONTH(DATE(C39,D39,1),0)) -> 31 | F39: =MAX(IFERROR(INDEX('②-1 기후비작업근거'!$F$69:$Q$69,1,D39),0),IFERROR(INDEX('②-2 기후비작업근거'!$F$72:$Q$72,1,D39),0)) -> 16.3 | G39: =IFERROR(INDEX(부록참고!$B$5:$N$14,MATCH(C39,INDEX(부록참고!$B$5:$N$14,0,1),0),D39+1),0) -> 5 | H39: =ROUND(F39*G39/E39,0) -> 3 | I39: =F39+G39-H39 -> 18.3 | J39: =MAX(I39,8) -> 18.3 | K39: =E39-J39 -> 12.7 | L39: =K39/E39 -> 0.40967742 | N39: =C39*100+D39 -> 202907
B40: 33 | C40: =$C$5+INT(($E$5-1+32)/12) -> 2029 | D40: =MOD($E$5-1+32,12)+1 -> 8 | E40: =DAY(EOMONTH(DATE(C40,D40,1),0)) -> 31 | F40: =MAX(IFERROR(INDEX('②-1 기후비작업근거'!$F$69:$Q$69,1,D40),0),IFERROR(INDEX('②-2 기후비작업근거'!$F$72:$Q$72,1,D40),0)) -> 17.9 | G40: =IFERROR(INDEX(부록참고!$B$5:$N$14,MATCH(C40,INDEX(부록참고!$B$5:$N$14,0,1),0),D40+1),0) -> 5 | H40: =ROUND(F40*G40/E40,0) -> 3 | I40: =F40+G40-H40 -> 19.9 | J40: =MAX(I40,8) -> 19.9 | K40: =E40-J40 -> 11.1 | L40: =K40/E40 -> 0.35806452 | N40: =C40*100+D40 -> 202908
B41: 34 | C41: =$C$5+INT(($E$5-1+33)/12) -> 2029 | D41: =MOD($E$5-1+33,12)+1 -> 9 | E41: =DAY(EOMONTH(DATE(C41,D41,1),0)) -> 30 | F41: =MAX(IFERROR(INDEX('②-1 기후비작업근거'!$F$69:$Q$69,1,D41),0),IFERROR(INDEX('②-2 기후비작업근거'!$F$72:$Q$72,1,D41),0)) -> 4.9 | G41: =IFERROR(INDEX(부록참고!$B$5:$N$14,MATCH(C41,INDEX(부록참고!$B$5:$N$14,0,1),0),D41+1),0) -> 8 | H41: =ROUND(F41*G41/E41,0) -> 1 | I41: =F41+G41-H41 -> 11.9 | J41: =MAX(I41,8) -> 11.9 | K41: =E41-J41 -> 18.1 | L41: =K41/E41 -> 0.60333333 | N41: =C41*100+D41 -> 202909
B42: 35 | C42: =$C$5+INT(($E$5-1+34)/12) -> 2029 | D42: =MOD($E$5-1+34,12)+1 -> 10 | E42: =DAY(EOMONTH(DATE(C42,D42,1),0)) -> 31 | F42: =MAX(IFERROR(INDEX('②-1 기후비작업근거'!$F$69:$Q$69,1,D42),0),IFERROR(INDEX('②-2 기후비작업근거'!$F$72:$Q$72,1,D42),0)) -> 4.2 | G42: =IFERROR(INDEX(부록참고!$B$5:$N$14,MATCH(C42,INDEX(부록참고!$B$5:$N$14,0,1),0),D42+1),0) -> 6 | H42: =ROUND(F42*G42/E42,0) -> 1 | I42: =F42+G42-H42 -> 9.2 | J42: =MAX(I42,8) -> 9.2 | K42: =E42-J42 -> 21.8 | L42: =K42/E42 -> 0.70322581 | N42: =C42*100+D42 -> 202910
B43: 36 | C43: =$C$5+INT(($E$5-1+35)/12) -> 2029 | D43: =MOD($E$5-1+35,12)+1 -> 11 | E43: =DAY(EOMONTH(DATE(C43,D43,1),0)) -> 30 | F43: =MAX(IFERROR(INDEX('②-1 기후비작업근거'!$F$69:$Q$69,1,D43),0),IFERROR(INDEX('②-2 기후비작업근거'!$F$72:$Q$72,1,D43),0)) -> 6.6 | G43: =IFERROR(INDEX(부록참고!$B$5:$N$14,MATCH(C43,INDEX(부록참고!$B$5:$N$14,0,1),0),D43+1),0) -> 4 | H43: =ROUND(F43*G43/E43,0) -> 1 | I43: =F43+G43-H43 -> 9.6 | J43: =MAX(I43,8) -> 9.6 | K43: =E43-J43 -> 20.4 | L43: =K43/E43 -> 0.68 | N43: =C43*100+D43 -> 202911
B44: 37 | C44: =$C$5+INT(($E$5-1+36)/12) -> 2029 | D44: =MOD($E$5-1+36,12)+1 -> 12 | E44: =DAY(EOMONTH(DATE(C44,D44,1),0)) -> 31 | F44: =MAX(IFERROR(INDEX('②-1 기후비작업근거'!$F$69:$Q$69,1,D44),0),IFERROR(INDEX('②-2 기후비작업근거'!$F$72:$Q$72,1,D44),0)) -> 14.4 | G44: =IFERROR(INDEX(부록참고!$B$5:$N$14,MATCH(C44,INDEX(부록참고!$B$5:$N$14,0,1),0),D44+1),0) -> 6 | H44: =ROUND(F44*G44/E44,0) -> 3 | I44: =F44+G44-H44 -> 17.4 | J44: =MAX(I44,8) -> 17.4 | K44: =E44-J44 -> 13.6 | L44: =K44/E44 -> 0.43870968 | N44: =C44*100+D44 -> 202912 | O44: =(E44-J44)/E44 -> 0.43870968
B45: 38 | C45: =$C$5+INT(($E$5-1+37)/12) -> 2030 | D45: =MOD($E$5-1+37,12)+1 -> 1 | E45: =DAY(EOMONTH(DATE(C45,D45,1),0)) -> 31 | F45: =MAX(IFERROR(INDEX('②-1 기후비작업근거'!$F$69:$Q$69,1,D45),0),IFERROR(INDEX('②-2 기후비작업근거'!$F$72:$Q$72,1,D45),0)) -> 16.7 | G45: =IFERROR(INDEX(부록참고!$B$5:$N$14,MATCH(C45,INDEX(부록참고!$B$5:$N$14,0,1),0),D45+1),0) -> 5 | H45: =ROUND(F45*G45/E45,0) -> 3 | I45: =F45+G45-H45 -> 18.7 | J45: =MAX(I45,8) -> 18.7 | K45: =E45-J45 -> 12.3 | L45: =K45/E45 -> 0.39677419 | N45: =C45*100+D45 -> 203001 | O45: =(E45-J45)/E45 -> 0.39677419
B46: 39 | C46: =$C$5+INT(($E$5-1+38)/12) -> 2030 | D46: =MOD($E$5-1+38,12)+1 -> 2 | E46: =DAY(EOMONTH(DATE(C46,D46,1),0)) -> 28 | F46: =MAX(IFERROR(INDEX('②-1 기후비작업근거'!$F$69:$Q$69,1,D46),0),IFERROR(INDEX('②-2 기후비작업근거'!$F$72:$Q$72,1,D46),0)) -> 9.9 | G46: =IFERROR(INDEX(부록참고!$B$5:$N$14,MATCH(C46,INDEX(부록참고!$B$5:$N$14,0,1),0),D46+1),0) -> 7 | H46: =ROUND(F46*G46/E46,0) -> 2 | I46: =F46+G46-H46 -> 14.9 | J46: =MAX(I46,8) -> 14.9 | K46: =E46-J46 -> 13.1 | L46: =K46/E46 -> 0.46785714 | N46: =C46*100+D46 -> 203002 | O46: =(E46-J46)/E46 -> 0.46785714
B47: 40 | C47: 2030 | D47: 3 | E47: =DAY(EOMONTH(DATE(C47,D47,1),0)) -> 31 | F47: =MAX(IFERROR(INDEX('②-1 기후비작업근거'!$F$69:$Q$69,1,D47),0),IFERROR(INDEX('②-2 기후비작업근거'!$F$72:$Q$72,1,D47),0)) -> 7.5 | G47: =IFERROR(INDEX(부록참고!$B$5:$N$14,MATCH(C47,INDEX(부록참고!$B$5:$N$14,0,1),0),D47+1),0) -> 6 | H47: =ROUND(F47*G47/E47,0) -> 1 | I47: =F47+G47-H47 -> 12.5 | J47: =MAX(I47,8) -> 12.5 | K47: =E47-J47 -> 18.5 | L47: =K47/E47 -> 0.59677419 | N47: =C47*100+D47 -> 203003
B48: 41 | C48: 2030 | D48: 4 | E48: =DAY(EOMONTH(DATE(C48,D48,1),0)) -> 30 | F48: =MAX(IFERROR(INDEX('②-1 기후비작업근거'!$F$69:$Q$69,1,D48),0),IFERROR(INDEX('②-2 기후비작업근거'!$F$72:$Q$72,1,D48),0)) -> 7 | G48: =IFERROR(INDEX(부록참고!$B$5:$N$14,MATCH(C48,INDEX(부록참고!$B$5:$N$14,0,1),0),D48+1),0) -> 4 | H48: =ROUND(F48*G48/E48,0) -> 1 | I48: =F48+G48-H48 -> 10 | J48: =MAX(I48,8) -> 10 | K48: =E48-J48 -> 20 | L48: =K48/E48 -> 0.66666667 | N48: =C48*100+D48 -> 203004
B49: 42 | C49: 2030 | D49: 5 | E49: =DAY(EOMONTH(DATE(C49,D49,1),0)) -> 31 | F49: =MAX(IFERROR(INDEX('②-1 기후비작업근거'!$F$69:$Q$69,1,D49),0),IFERROR(INDEX('②-2 기후비작업근거'!$F$72:$Q$72,1,D49),0)) -> 6.9 | G49: =IFERROR(INDEX(부록참고!$B$5:$N$14,MATCH(C49,INDEX(부록참고!$B$5:$N$14,0,1),0),D49+1),0) -> 6 | H49: =ROUND(F49*G49/E49,0) -> 1 | I49: =F49+G49-H49 -> 11.9 | J49: =MAX(I49,8) -> 11.9 | K49: =E49-J49 -> 19.1 | L49: =K49/E49 -> 0.61612903 | N49: =C49*100+D49 -> 203005
B50: 43 | C50: 2030 | D50: 6 | E50: =DAY(EOMONTH(DATE(C50,D50,1),0)) -> 30 | F50: =MAX(IFERROR(INDEX('②-1 기후비작업근거'!$F$69:$Q$69,1,D50),0),IFERROR(INDEX('②-2 기후비작업근거'!$F$72:$Q$72,1,D50),0)) -> 6 | G50: =IFERROR(INDEX(부록참고!$B$5:$N$14,MATCH(C50,INDEX(부록참고!$B$5:$N$14,0,1),0),D50+1),0) -> 6 | H50: =ROUND(F50*G50/E50,0) -> 1 | I50: =F50+G50-H50 -> 11 | J50: =MAX(I50,8) -> 11 | K50: =E50-J50 -> 19 | L50: =K50/E50 -> 0.63333333 | N50: =C50*100+D50 -> 203006
B51: 44 | C51: 2030 | D51: 7 | E51: =DAY(EOMONTH(DATE(C51,D51,1),0)) -> 31 | F51: =MAX(IFERROR(INDEX('②-1 기후비작업근거'!$F$69:$Q$69,1,D51),0),IFERROR(INDEX('②-2 기후비작업근거'!$F$72:$Q$72,1,D51),0)) -> 16.3 | G51: =IFERROR(INDEX(부록참고!$B$5:$N$14,MATCH(C51,INDEX(부록참고!$B$5:$N$14,0,1),0),D51+1),0) -> 4 | H51: =ROUND(F51*G51/E51,0) -> 2 | I51: =F51+G51-H51 -> 18.3 | J51: =MAX(I51,8) -> 18.3 | K51: =E51-J51 -> 12.7 | L51: =K51/E51 -> 0.40967742 | N51: =C51*100+D51 -> 203007
B52: 45 | C52: 2030 | D52: 8 | E52: =DAY(EOMONTH(DATE(C52,D52,1),0)) -> 31 | F52: =MAX(IFERROR(INDEX('②-1 기후비작업근거'!$F$69:$Q$69,1,D52),0),IFERROR(INDEX('②-2 기후비작업근거'!$F$72:$Q$72,1,D52),0)) -> 17.9 | G52: =IFERROR(INDEX(부록참고!$B$5:$N$14,MATCH(C52,INDEX(부록참고!$B$5:$N$14,0,1),0),D52+1),0) -> 5 | H52: =ROUND(F52*G52/E52,0) -> 3 | I52: =F52+G52-H52 -> 19.9 | J52: =MAX(I52,8) -> 19.9 | K52: =E52-J52 -> 11.1 | L52: =K52/E52 -> 0.35806452 | N52: =C52*100+D52 -> 203008
B53: 전체기간 평균 가동율 | L53: =AVERAGE(L8:L52) -> 0.54193624
B54: ※ 위 표는 착수일 기준 36개월. 실제 공사기간을 초과하는 월은 ⑤·⑥에서 자동으로 미반영됩니다.
B55: ※ 연평균 비작업일수(법정공휴일+기후, 중복제외): | F55: =SUM(J8:J19) -> 165.3 | G55: 일/년(착수후 1년)
B56: ※ 본 표는 동절기(12월~익년 2월) 공사중지를 반영하지 않은 월별 비작업일수(보고서 4.4)이다. 동절기 중지를 반영할 경우 12~2월은 달력일수 전체를 계상하며, 그 결과는 「추가검토(동절기 반영)」 시트 참조.

Sheet ②-1 기후비작업근거
A1: ②-1 기후 비작업일수 산정근거 (부록2 작업제한 기상조건 → 부록3 지역별 통계)
B2: 부록2의 국가건설기준(KCS 등) 작업제한 기상조건을, 부록3 기상청 10년(2015–2024) 지역통계로 일수화하여 월별 기후비작업일수를 산정합니다.
B3: 관측지점을 선택하면 13개 기상조건 값이 부록3에서 자동 반영됩니다. '선택(Y)'한 조건만 합산되며, 미세먼지는 별도 입력값을 사용합니다.
B5: ■ 관측지점 및 공사유형 선택
B6: 관측지점 | C6: =①공사개요!$C$11 -> 철원 | D6: 행정구역 | E6: =①공사개요!$C$6 -> 연천군
B7: 선택방식 | C7: 자동 | D7: 공사유형 | E7: 구조물공사
B8: ※ '자동'이면 ①공사개요의 시설유형에 따라 권장 기상조건이 자동 선택(아래 매트릭스 기준). '수동'이면 '수동선택(Y)' 칸으로 직접 지정. 하수도=하수관로 공사 기준 적용.
B10: ■ 부록2 주요 작업제한 기상조건 (해당 공종 선정 참고)
B11: 공종/작업 | C11: 작업제한 기상조건 | E11: 근거
B12: 콘크리트 타설 | C12: 강우·강설 시 원칙 금지 / 동절기 일평균 4℃↓·타설후 24h 일최저 0℃↓ → 한중콘크리트 / 혹서기 일평균 25℃↑·타설후 24h 일최고 30℃↑ → 서중콘크리트 | E12: KCS 14 20 10·40·41
B13: 일반 토공/가시설(관로 굴착) | C13: 강우·강설 시, 동절기 저온 시 작업제한 (하수·상수관로 굴착·관부설 포함) | E13: KCS 11 계열
B14: 양중/타워크레인 | C14: 순간풍속 15m/s↑ 운전중지, 10m/s↑ 설치·해체 중지 | E14: KCS 21 20 10
B15: 강구조 현장용접 | C15: 대기온도 -20℃↓, 강우·강우직후, 풍속 2m/s↑(FCAW) | E15: KCS 14 31 30
B16: 도장/방수/포장 | C16: 5℃ 미만, 강우·강설·강풍 시, 43℃↑ | E16: KCS 14 31 40
B17: 미세먼지(고농도) | C17: PM2.5 '나쁨'(일평균 36㎍/㎥↑)·비상저감조치(50㎍/㎥↑) 시 옥외작업 조정 | E17: 대기관리권역법·지자체 조례
W22: =1250/60 -> 20.833333
W23: =2*2*3.14/4*2 -> 6.28
W24: =W22/W23 -> 3.3174098
B26: ■ 시설유형별 권장 기상조건 (선택방식='자동' 시 적용) — Y=권장, 셀 수정가능
B27: 시설유형 \ 기상조건 | F27: ①체감33 | G27: ②체감35 | H27: ③최고33 | I27: ④최고35 | J27: ⑤최고0 | K27: ⑥적설5 | L27: ⑦결합 | M27: ⑧최저-12 | N27: ⑨강우3 | O27: ⑩강우5 | P27: ⑪강우10 | Q27: ⑫강우20 | R27: ⑬강풍15 | S27: ⑭미세먼지
B28: 도로포장 | L28: Y | O28: Y | S28: Y
B29: 도로(토공+교량) | F29: Y | L29: Y | P29: Y | R29: Y | S29: Y
B30: 농업용수 | F30: Y | L30: Y | P30: Y | S30: Y
B31: 상수도 | F31: Y | L31: Y | P31: Y | S31: Y
B32: 하수도 | F32: Y | L32: Y | P32: Y | S32: Y
B33: 철도(궤도) | F33: Y | L33: Y | P33: Y | R33: Y | S33: Y
B34: 학교 | F34: Y | L34: Y | O34: Y | R34: Y | S34: Y
B35: 청사 | F35: Y | L35: Y | O35: Y | R35: Y | S35: Y
B36: 기타건축물 | F36: Y | L36: Y | O36: Y | R36: Y | S36: Y
B37: 기타 | F37: Y | L37: Y | O37: Y | R37: Y | S37: Y
B38: ※ 하수도=하수관로(토공·관부설) 기준 → 혹서기 폭염(체감33)·동절기 결합·강우10㎜·미세먼지 권장. 구조물(학교·청사 등)은 강우5㎜·강풍 포함. 셀의 Y/공백을 수정하면 권장이 바뀝니다.
B53: ■ 기상조건별 비작업일수 (선택지점 자동조회, 2015–2024 월평균) — 선택=위 방식(자동:권장/수동:수동선택)
B54: 선택 | C54: 구분 | D54: 기상조건 | E54: 근거/기준 | F54: 1월 | G54: 2월 | H54: 3월 | I54: 4월 | J54: 5월 | K54: 6월 | L54: 7월 | M54: 8월 | N54: 9월 | O54: 10월 | P54: 11월 | Q54: 12월 | R54: 소계 | S54: 수동선택 | T54: 권장
B55: =IF('②-1 기후비작업근거'!$C$7="자동",$T55,$S55) -> Y | C55: 혹서기 | D55: 체감온도 33℃ 이상 | E55: 서중콘크리트/폭염 KCS 14 20 41 | F55: =IFERROR(INDEX(부록3DB!$J$7:$U$1241,MATCH('②-1 기후비작업근거'!$C$6&"|"&1,부록3DB!$I$7:$I$1241,0),1),0) -> 0 | G55: =IFERROR(INDEX(부록3DB!$J$7:$U$1241,MATCH('②-1 기후비작업근거'!$C$6&"|"&1,부록3DB!$I$7:$I$1241,0),2),0) -> 0 | H55: =IFERROR(INDEX(부록3DB!$J$7:$U$1241,MATCH('②-1 기후비작업근거'!$C$6&"|"&1,부록3DB!$I$7:$I$1241,0),3),0) -> 0 | I55: =IFERROR(INDEX(부록3DB!$J$7:$U$1241,MATCH('②-1 기후비작업근거'!$C$6&"|"&1,부록3DB!$I$7:$I$1241,0),4),0) -> 0 | J55: =IFERROR(INDEX(부록3DB!$J$7:$U$1241,MATCH('②-1 기후비작업근거'!$C$6&"|"&1,부록3DB!$I$7:$I$1241,0),5),0) -> 0 | K55: =IFERROR(INDEX(부록3DB!$J$7:$U$1241,MATCH('②-1 기후비작업근거'!$C$6&"|"&1,부록3DB!$I$7:$I$1241,0),6),0) -> 0 | L55: =IFERROR(INDEX(부록3DB!$J$7:$U$1241,MATCH('②-1 기후비작업근거'!$C$6&"|"&1,부록3DB!$I$7:$I$1241,0),7),0) -> 5.7 | M55: =IFERROR(INDEX(부록3DB!$J$7:$U$1241,MATCH('②-1 기후비작업근거'!$C$6&"|"&1,부록3DB!$I$7:$I$1241,0),8),0) -> 9.2 | N55: =IFERROR(INDEX(부록3DB!$J$7:$U$1241,MATCH('②-1 기후비작업근거'!$C$6&"|"&1,부록3DB!$I$7:$I$1241,0),9),0) -> 0.1 | O55: =IFERROR(INDEX(부록3DB!$J$7:$U$1241,MATCH('②-1 기후비작업근거'!$C$6&"|"&1,부록3DB!$I$7:$I$1241,0),10),0) -> 0 | P55: =IFERROR(INDEX(부록3DB!$J$7:$U$1241,MATCH('②-1 기후비작업근거'!$C$6&"|"&1,부록3DB!$I$7:$I$1241,0),11),0) -> 0 | Q55: =IFERROR(INDEX(부록3DB!$J$7:$U$1241,MATCH('②-1 기후비작업근거'!$C$6&"|"&1,부록3DB!$I$7:$I$1241,0),12),0) -> 0 | R55: =SUM(F55:Q55) -> 15 | S55: Y | T55: =IFERROR(IF(INDEX('②-1 기후비작업근거'!$F$28:$S$37,MATCH(①공사개요!$C$7,'②-1 기후비작업근거'!$B$28:$B$37,0),1)="Y","Y",""),"") -> Y
B56: =IF('②-1 기후비작업근거'!$C$7="자동",$T56,$S56) | C56: 혹서기 | D56: 체감온도 35℃ 이상 | E56: 폭염경보 기준 | F56: =IFERROR(INDEX(부록3DB!$J$7:$U$1241,MATCH('②-1 기후비작업근거'!$C$6&"|"&2,부록3DB!$I$7:$I$1241,0),1),0) -> 0 | G56: =IFERROR(INDEX(부록3DB!$J$7:$U$1241,MATCH('②-1 기후비작업근거'!$C$6&"|"&2,부록3DB!$I$7:$I$1241,0),2),0) -> 0 | H56: =IFERROR(INDEX(부록3DB!$J$7:$U$1241,MATCH('②-1 기후비작업근거'!$C$6&"|"&2,부록3DB!$I$7:$I$1241,0),3),0) -> 0 | I56: =IFERROR(INDEX(부록3DB!$J$7:$U$1241,MATCH('②-1 기후비작업근거'!$C$6&"|"&2,부록3DB!$I$7:$I$1241,0),4),0) -> 0 | J56: =IFERROR(INDEX(부록3DB!$J$7:$U$1241,MATCH('②-1 기후비작업근거'!$C$6&"|"&2,부록3DB!$I$7:$I$1241,0),5),0) -> 0 | K56: =IFERROR(INDEX(부록3DB!$J$7:$U$1241,MATCH('②-1 기후비작업근거'!$C$6&"|"&2,부록3DB!$I$7:$I$1241,0),6),0) -> 0 | L56: =IFERROR(INDEX(부록3DB!$J$7:$U$1241,MATCH('②-1 기후비작업근거'!$C$6&"|"&2,부록3DB!$I$7:$I$1241,0),7),0) -> 0.9 | M56: =IFERROR(INDEX(부록3DB!$J$7:$U$1241,MATCH('②-1 기후비작업근거'!$C$6&"|"&2,부록3DB!$I$7:$I$1241,0),8),0) -> 1.8 | N56: =IFERROR(INDEX(부록3DB!$J$7:$U$1241,MATCH('②-1 기후비작업근거'!$C$6&"|"&2,부록3DB!$I$7:$I$1241,0),9),0) -> 0 | O56: =IFERROR(INDEX(부록3DB!$J$7:$U$1241,MATCH('②-1 기후비작업근거'!$C$6&"|"&2,부록3DB!$I$7:$I$1241,0),10),0) -> 0 | P56: =IFERROR(INDEX(부록3DB!$J$7:$U$1241,MATCH('②-1 기후비작업근거'!$C$6&"|"&2,부록3DB!$I$7:$I$1241,0),11),0) -> 0 | Q56: =IFERROR(INDEX(부록3DB!$J$7:$U$1241,MATCH('②-1 기후비작업근거'!$C$6&"|"&2,부록3DB!$I$7:$I$1241,0),12),0) -> 0 | R56: =SUM(F56:Q56) -> 2.7 | T56: =IFERROR(IF(INDEX('②-1 기후비작업근거'!$F$28:$S$37,MATCH(①공사개요!$C$7,'②-1 기후비작업근거'!$B$28:$B$37,0),2)="Y","Y",""),"")
B57: =IF('②-1 기후비작업근거'!$C$7="자동",$T57,$S57) | C57: 혹서기 | D57: 일최고온도 33℃ 이상 | E57: 서중콘크리트 참고 | F57: =IFERROR(INDEX(부록3DB!$J$7:$U$1241,MATCH('②-1 기후비작업근거'!$C$6&"|"&3,부록3DB!$I$7:$I$1241,0),1),0) -> 0 | G57: =IFERROR(INDEX(부록3DB!$J$7:$U$1241,MATCH('②-1 기후비작업근거'!$C$6&"|"&3,부록3DB!$I$7:$I$1241,0),2),0) -> 0 | H57: =IFERROR(INDEX(부록3DB!$J$7:$U$1241,MATCH('②-1 기후비작업근거'!$C$6&"|"&3,부록3DB!$I$7:$I$1241,0),3),0) -> 0 | I57: =IFERROR(INDEX(부록3DB!$J$7:$U$1241,MATCH('②-1 기후비작업근거'!$C$6&"|"&3,부록3DB!$I$7:$I$1241,0),4),0) -> 0 | J57: =IFERROR(INDEX(부록3DB!$J$7:$U$1241,MATCH('②-1 기후비작업근거'!$C$6&"|"&3,부록3DB!$I$7:$I$1241,0),5),0) -> 0 | K57: =IFERROR(INDEX(부록3DB!$J$7:$U$1241,MATCH('②-1 기후비작업근거'!$C$6&"|"&3,부록3DB!$I$7:$I$1241,0),6),0) -> 0.7 | L57: =IFERROR(INDEX(부록3DB!$J$7:$U$1241,MATCH('②-1 기후비작업근거'!$C$6&"|"&3,부록3DB!$I$7:$I$1241,0),7),0) -> 3.7 | M57: =IFERROR(INDEX(부록3DB!$J$7:$U$1241,MATCH('②-1 기후비작업근거'!$C$6&"|"&3,부록3DB!$I$7:$I$1241,0),8),0) -> 6 | N57: =IFERROR(INDEX(부록3DB!$J$7:$U$1241,MATCH('②-1 기후비작업근거'!$C$6&"|"&3,부록3DB!$I$7:$I$1241,0),9),0) -> 0.1 | O57: =IFERROR(INDEX(부록3DB!$J$7:$U$1241,MATCH('②-1 기후비작업근거'!$C$6&"|"&3,부록3DB!$I$7:$I$1241,0),10),0) -> 0 | P57: =IFERROR(INDEX(부록3DB!$J$7:$U$1241,MATCH('②-1 기후비작업근거'!$C$6&"|"&3,부록3DB!$I$7:$I$1241,0),11),0) -> 0 | Q57: =IFERROR(INDEX(부록3DB!$J$7:$U$1241,MATCH('②-1 기후비작업근거'!$C$6&"|"&3,부록3DB!$I$7:$I$1241,0),12),0) -> 0 | R57: =SUM(F57:Q57) -> 10.5 | T57: =IFERROR(IF(INDEX('②-1 기후비작업근거'!$F$28:$S$37,MATCH(①공사개요!$C$7,'②-1 기후비작업근거'!$B$28:$B$37,0),3)="Y","Y",""),"")
B58: =IF('②-1 기후비작업근거'!$C$7="자동",$T58,$S58) | C58: 혹서기 | D58: 일최고온도 35℃ 이상 | E58: 폭염특보 | F58: =IFERROR(INDEX(부록3DB!$J$7:$U$1241,MATCH('②-1 기후비작업근거'!$C$6&"|"&4,부록3DB!$I$7:$I$1241,0),1),0) -> 0 | G58: =IFERROR(INDEX(부록3DB!$J$7:$U$1241,MATCH('②-1 기후비작업근거'!$C$6&"|"&4,부록3DB!$I$7:$I$1241,0),2),0) -> 0 | H58: =IFERROR(INDEX(부록3DB!$J$7:$U$1241,MATCH('②-1 기후비작업근거'!$C$6&"|"&4,부록3DB!$I$7:$I$1241,0),3),0) -> 0 | I58: =IFERROR(INDEX(부록3DB!$J$7:$U$1241,MATCH('②-1 기후비작업근거'!$C$6&"|"&4,부록3DB!$I$7:$I$1241,0),4),0) -> 0 | J58: =IFERROR(INDEX(부록3DB!$J$7:$U$1241,MATCH('②-1 기후비작업근거'!$C$6&"|"&4,부록3DB!$I$7:$I$1241,0),5),0) -> 0 | K58: =IFERROR(INDEX(부록3DB!$J$7:$U$1241,MATCH('②-1 기후비작업근거'!$C$6&"|"&4,부록3DB!$I$7:$I$1241,0),6),0) -> 0.1 | L58: =IFERROR(INDEX(부록3DB!$J$7:$U$1241,MATCH('②-1 기후비작업근거'!$C$6&"|"&4,부록3DB!$I$7:$I$1241,0),7),0) -> 0.9 | M58: =IFERROR(INDEX(부록3DB!$J$7:$U$1241,MATCH('②-1 기후비작업근거'!$C$6&"|"&4,부록3DB!$I$7:$I$1241,0),8),0) -> 0.8 | N58: =IFERROR(INDEX(부록3DB!$J$7:$U$1241,MATCH('②-1 기후비작업근거'!$C$6&"|"&4,부록3DB!$I$7:$I$1241,0),9),0) -> 0 | O58: =IFERROR(INDEX(부록3DB!$J$7:$U$1241,MATCH('②-1 기후비작업근거'!$C$6&"|"&4,부록3DB!$I$7:$I$1241,0),10),0) -> 0 | P58: =IFERROR(INDEX(부록3DB!$J$7:$U$1241,MATCH('②-1 기후비작업근거'!$C$6&"|"&4,부록3DB!$I$7:$I$1241,0),11),0) -> 0 | Q58: =IFERROR(INDEX(부록3DB!$J$7:$U$1241,MATCH('②-1 기후비작업근거'!$C$6&"|"&4,부록3DB!$I$7:$I$1241,0),12),0) -> 0 | R58: =SUM(F58:Q58) -> 1.8 | T58: =IFERROR(IF(INDEX('②-1 기후비작업근거'!$F$28:$S$37,MATCH(①공사개요!$C$7,'②-1 기후비작업근거'!$B$28:$B$37,0),4)="Y","Y",""),"")
B59: =IF('②-1 기후비작업근거'!$C$7="자동",$T59,$S59) -> Y | C59: 동절기 | D59: 일최고기온 0℃ 이하 | E59: 한중콘크리트 KCS 14 20 40 | F59: =IFERROR(INDEX(부록3DB!$J$7:$U$1241,MATCH('②-1 기후비작업근거'!$C$6&"|"&5,부록3DB!$I$7:$I$1241,0),1),0) -> 9.9 | G59: =IFERROR(INDEX(부록3DB!$J$7:$U$1241,MATCH('②-1 기후비작업근거'!$C$6&"|"&5,부록3DB!$I$7:$I$1241,0),2),0) -> 4.4 | H59: =IFERROR(INDEX(부록3DB!$J$7:$U$1241,MATCH('②-1 기후비작업근거'!$C$6&"|"&5,부록3DB!$I$7:$I$1241,0),3),0) -> 0.2 | I59: =IFERROR(INDEX(부록3DB!$J$7:$U$1241,MATCH('②-1 기후비작업근거'!$C$6&"|"&5,부록3DB!$I$7:$I$1241,0),4),0) -> 0 | J59: =IFERROR(INDEX(부록3DB!$J$7:$U$1241,MATCH('②-1 기후비작업근거'!$C$6&"|"&5,부록3DB!$I$7:$I$1241,0),5),0) -> 0 | K59: =IFERROR(INDEX(부록3DB!$J$7:$U$1241,MATCH('②-1 기후비작업근거'!$C$6&"|"&5,부록3DB!$I$7:$I$1241,0),6),0) -> 0 | L59: =IFERROR(INDEX(부록3DB!$J$7:$U$1241,MATCH('②-1 기후비작업근거'!$C$6&"|"&5,부록3DB!$I$7:$I$1241,0),7),0) -> 0 | M59: =IFERROR(INDEX(부록3DB!$J$7:$U$1241,MATCH('②-1 기후비작업근거'!$C$6&"|"&5,부록3DB!$I$7:$I$1241,0),8),0) -> 0 | N59: =IFERROR(INDEX(부록3DB!$J$7:$U$1241,MATCH('②-1 기후비작업근거'!$C$6&"|"&5,부록3DB!$I$7:$I$1241,0),9),0) -> 0 | O59: =IFERROR(INDEX(부록3DB!$J$7:$U$1241,MATCH('②-1 기후비작업근거'!$C$6&"|"&5,부록3DB!$I$7:$I$1241,0),10),0) -> 0 | P59: =IFERROR(INDEX(부록3DB!$J$7:$U$1241,MATCH('②-1 기후비작업근거'!$C$6&"|"&5,부록3DB!$I$7:$I$1241,0),11),0) -> 0.5 | Q59: =IFERROR(INDEX(부록3DB!$J$7:$U$1241,MATCH('②-1 기후비작업근거'!$C$6&"|"&5,부록3DB!$I$7:$I$1241,0),12),0) -> 8.3 | R59: =SUM(F59:Q59) -> 23.3 | S59: Y | T59: =IFERROR(IF(INDEX('②-1 기후비작업근거'!$F$28:$S$37,MATCH(①공사개요!$C$7,'②-1 기후비작업근거'!$B$28:$B$37,0),1)="Y","Y",""),"") -> Y
B60: =IF('②-1 기후비작업근거'!$C$7="자동",$T60,$S60) -> Y | C60: 동절기 | D60: 일최심신적설 5㎝ 이상 | E60: 강설 작업제한 | F60: =IFERROR(INDEX(부록3DB!$J$7:$U$1241,MATCH('②-1 기후비작업근거'!$C$6&"|"&6,부록3DB!$I$7:$I$1241,0),1),0) -> 0.1 | G60: =IFERROR(INDEX(부록3DB!$J$7:$U$1241,MATCH('②-1 기후비작업근거'!$C$6&"|"&6,부록3DB!$I$7:$I$1241,0),2),0) -> 0 | H60: =IFERROR(INDEX(부록3DB!$J$7:$U$1241,MATCH('②-1 기후비작업근거'!$C$6&"|"&6,부록3DB!$I$7:$I$1241,0),3),0) -> 0 | I60: =IFERROR(INDEX(부록3DB!$J$7:$U$1241,MATCH('②-1 기후비작업근거'!$C$6&"|"&6,부록3DB!$I$7:$I$1241,0),4),0) -> 0 | J60: =IFERROR(INDEX(부록3DB!$J$7:$U$1241,MATCH('②-1 기후비작업근거'!$C$6&"|"&6,부록3DB!$I$7:$I$1241,0),5),0) -> 0 | K60: =IFERROR(INDEX(부록3DB!$J$7:$U$1241,MATCH('②-1 기후비작업근거'!$C$6&"|"&6,부록3DB!$I$7:$I$1241,0),6),0) -> 0 | L60: =IFERROR(INDEX(부록3DB!$J$7:$U$1241,MATCH('②-1 기후비작업근거'!$C$6&"|"&6,부록3DB!$I$7:$I$1241,0),7),0) -> 0 | M60: =IFERROR(INDEX(부록3DB!$J$7:$U$1241,MATCH('②-1 기후비작업근거'!$C$6&"|"&6,부록3DB!$I$7:$I$1241,0),8),0) -> 0 | N60: =IFERROR(INDEX(부록3DB!$J$7:$U$1241,MATCH('②-1 기후비작업근거'!$C$6&"|"&6,부록3DB!$I$7:$I$1241,0),9),0) -> 0 | O60: =IFERROR(INDEX(부록3DB!$J$7:$U$1241,MATCH('②-1 기후비작업근거'!$C$6&"|"&6,부록3DB!$I$7:$I$1241,0),10),0) -> 0 | P60: =IFERROR(INDEX(부록3DB!$J$7:$U$1241,MATCH('②-1 기후비작업근거'!$C$6&"|"&6,부록3DB!$I$7:$I$1241,0),11),0) -> 0 | Q60: =IFERROR(INDEX(부록3DB!$J$7:$U$1241,MATCH('②-1 기후비작업근거'!$C$6&"|"&6,부록3DB!$I$7:$I$1241,0),12),0) -> 0 | R60: =SUM(F60:Q60) -> 0.1 | S60: Y | T60: =IFERROR(IF(INDEX('②-1 기후비작업근거'!$F$28:$S$37,MATCH(①공사개요!$C$7,'②-1 기후비작업근거'!$B$28:$B$37,0),1)="Y","Y",""),"") -> Y
B61: =IF('②-1 기후비작업근거'!$C$7="자동",$T61,$S61) -> 0 | C61: 동절기 | D61: 일최고 0℃↓ 또는 적설 5㎝↑(결합) | E61: 한중+강설(중복제거) | F61: =IFERROR(INDEX(부록3DB!$J$7:$U$1241,MATCH('②-1 기후비작업근거'!$C$6&"|"&7,부록3DB!$I$7:$I$1241,0),1),0) -> 10 | G61: =IFERROR(INDEX(부록3DB!$J$7:$U$1241,MATCH('②-1 기후비작업근거'!$C$6&"|"&7,부록3DB!$I$7:$I$1241,0),2),0) -> 4.4 | H61: =IFERROR(INDEX(부록3DB!$J$7:$U$1241,MATCH('②-1 기후비작업근거'!$C$6&"|"&7,부록3DB!$I$7:$I$1241,0),3),0) -> 0.2 | I61: =IFERROR(INDEX(부록3DB!$J$7:$U$1241,MATCH('②-1 기후비작업근거'!$C$6&"|"&7,부록3DB!$I$7:$I$1241,0),4),0) -> 0 | J61: =IFERROR(INDEX(부록3DB!$J$7:$U$1241,MATCH('②-1 기후비작업근거'!$C$6&"|"&7,부록3DB!$I$7:$I$1241,0),5),0) -> 0 | K61: =IFERROR(INDEX(부록3DB!$J$7:$U$1241,MATCH('②-1 기후비작업근거'!$C$6&"|"&7,부록3DB!$I$7:$I$1241,0),6),0) -> 0 | L61: =IFERROR(INDEX(부록3DB!$J$7:$U$1241,MATCH('②-1 기후비작업근거'!$C$6&"|"&7,부록3DB!$I$7:$I$1241,0),7),0) -> 0 | M61: =IFERROR(INDEX(부록3DB!$J$7:$U$1241,MATCH('②-1 기후비작업근거'!$C$6&"|"&7,부록3DB!$I$7:$I$1241,0),8),0) -> 0 | N61: =IFERROR(INDEX(부록3DB!$J$7:$U$1241,MATCH('②-1 기후비작업근거'!$C$6&"|"&7,부록3DB!$I$7:$I$1241,0),9),0) -> 0 | O61: =IFERROR(INDEX(부록3DB!$J$7:$U$1241,MATCH('②-1 기후비작업근거'!$C$6&"|"&7,부록3DB!$I$7:$I$1241,0),10),0) -> 0 | P61: =IFERROR(INDEX(부록3DB!$J$7:$U$1241,MATCH('②-1 기후비작업근거'!$C$6&"|"&7,부록3DB!$I$7:$I$1241,0),11),0) -> 0.5 | Q61: =IFERROR(INDEX(부록3DB!$J$7:$U$1241,MATCH('②-1 기후비작업근거'!$C$6&"|"&7,부록3DB!$I$7:$I$1241,0),12),0) -> 8.3 | R61: =SUM(F61:Q61) -> 23.4
B62: =IF('②-1 기후비작업근거'!$C$7="자동",$T62,$S62) | C62: 동절기 | D62: 일최저기온 -12℃ 이하 | E62: 혹한 작업중지 | F62: =IFERROR(INDEX(부록3DB!$J$7:$U$1241,MATCH('②-1 기후비작업근거'!$C$6&"|"&8,부록3DB!$I$7:$I$1241,0),1),0) -> 14.3 | G62: =IFERROR(INDEX(부록3DB!$J$7:$U$1241,MATCH('②-1 기후비작업근거'!$C$6&"|"&8,부록3DB!$I$7:$I$1241,0),2),0) -> 6 | H62: =IFERROR(INDEX(부록3DB!$J$7:$U$1241,MATCH('②-1 기후비작업근거'!$C$6&"|"&8,부록3DB!$I$7:$I$1241,0),3),0) -> 0.1 | I62: =IFERROR(INDEX(부록3DB!$J$7:$U$1241,MATCH('②-1 기후비작업근거'!$C$6&"|"&8,부록3DB!$I$7:$I$1241,0),4),0) -> 0 | J62: =IFERROR(INDEX(부록3DB!$J$7:$U$1241,MATCH('②-1 기후비작업근거'!$C$6&"|"&8,부록3DB!$I$7:$I$1241,0),5),0) -> 0 | K62: =IFERROR(INDEX(부록3DB!$J$7:$U$1241,MATCH('②-1 기후비작업근거'!$C$6&"|"&8,부록3DB!$I$7:$I$1241,0),6),0) -> 0 | L62: =IFERROR(INDEX(부록3DB!$J$7:$U$1241,MATCH('②-1 기후비작업근거'!$C$6&"|"&8,부록3DB!$I$7:$I$1241,0),7),0) -> 0 | M62: =IFERROR(INDEX(부록3DB!$J$7:$U$1241,MATCH('②-1 기후비작업근거'!$C$6&"|"&8,부록3DB!$I$7:$I$1241,0),8),0) -> 0 | N62: =IFERROR(INDEX(부록3DB!$J$7:$U$1241,MATCH('②-1 기후비작업근거'!$C$6&"|"&8,부록3DB!$I$7:$I$1241,0),9),0) -> 0 | O62: =IFERROR(INDEX(부록3DB!$J$7:$U$1241,MATCH('②-1 기후비작업근거'!$C$6&"|"&8,부록3DB!$I$7:$I$1241,0),10),0) -> 0 | P62: =IFERROR(INDEX(부록3DB!$J$7:$U$1241,MATCH('②-1 기후비작업근거'!$C$6&"|"&8,부록3DB!$I$7:$I$1241,0),11),0) -> 0 | Q62: =IFERROR(INDEX(부록3DB!$J$7:$U$1241,MATCH('②-1 기후비작업근거'!$C$6&"|"&8,부록3DB!$I$7:$I$1241,0),12),0) -> 8.7 | R62: =SUM(F62:Q62) -> 29.1 | T62: =IFERROR(IF(INDEX('②-1 기후비작업근거'!$F$28:$S$37,MATCH(①공사개요!$C$7,'②-1 기후비작업근거'!$B$28:$B$37,0),8)="Y","Y",""),"")
B63: =IF('②-1 기후비작업근거'!$C$7="자동",$T63,$S63) -> Y | C63: 강우 | D63: 일강수량 3㎜ 이상 | E63: 강우 타설금지(보수적) | F63: =IFERROR(INDEX(부록3DB!$J$7:$U$1241,MATCH('②-1 기후비작업근거'!$C$6&"|"&9,부록3DB!$I$7:$I$1241,0),1),0) -> 1.1 | G63: =IFERROR(INDEX(부록3DB!$J$7:$U$1241,MATCH('②-1 기후비작업근거'!$C$6&"|"&9,부록3DB!$I$7:$I$1241,0),2),0) -> 2 | H63: =IFERROR(INDEX(부록3DB!$J$7:$U$1241,MATCH('②-1 기후비작업근거'!$C$6&"|"&9,부록3DB!$I$7:$I$1241,0),3),0) -> 2.6 | I63: =IFERROR(INDEX(부록3DB!$J$7:$U$1241,MATCH('②-1 기후비작업근거'!$C$6&"|"&9,부록3DB!$I$7:$I$1241,0),4),0) -> 4.3 | J63: =IFERROR(INDEX(부록3DB!$J$7:$U$1241,MATCH('②-1 기후비작업근거'!$C$6&"|"&9,부록3DB!$I$7:$I$1241,0),5),0) -> 5.5 | K63: =IFERROR(INDEX(부록3DB!$J$7:$U$1241,MATCH('②-1 기후비작업근거'!$C$6&"|"&9,부록3DB!$I$7:$I$1241,0),6),0) -> 5.7 | L63: =IFERROR(INDEX(부록3DB!$J$7:$U$1241,MATCH('②-1 기후비작업근거'!$C$6&"|"&9,부록3DB!$I$7:$I$1241,0),7),0) -> 10.4 | M63: =IFERROR(INDEX(부록3DB!$J$7:$U$1241,MATCH('②-1 기후비작업근거'!$C$6&"|"&9,부록3DB!$I$7:$I$1241,0),8),0) -> 8.4 | N63: =IFERROR(INDEX(부록3DB!$J$7:$U$1241,MATCH('②-1 기후비작업근거'!$C$6&"|"&9,부록3DB!$I$7:$I$1241,0),9),0) -> 4.5 | O63: =IFERROR(INDEX(부록3DB!$J$7:$U$1241,MATCH('②-1 기후비작업근거'!$C$6&"|"&9,부록3DB!$I$7:$I$1241,0),10),0) -> 3.6 | P63: =IFERROR(INDEX(부록3DB!$J$7:$U$1241,MATCH('②-1 기후비작업근거'!$C$6&"|"&9,부록3DB!$I$7:$I$1241,0),11),0) -> 4.3 | Q63: =IFERROR(INDEX(부록3DB!$J$7:$U$1241,MATCH('②-1 기후비작업근거'!$C$6&"|"&9,부록3DB!$I$7:$I$1241,0),12),0) -> 1.7 | R63: =SUM(F63:Q63) -> 54.1 | S63: Y | T63: =IFERROR(IF(INDEX('②-1 기후비작업근거'!$F$28:$S$37,MATCH(①공사개요!$C$7,'②-1 기후비작업근거'!$B$28:$B$37,0),1)="Y","Y",""),"") -> Y
B64: =IF('②-1 기후비작업근거'!$C$7="자동",$T64,$S64) | C64: 강우 | D64: 일강수량 5㎜ 이상 | E64: 강우 타설금지(표준) | F64: =IFERROR(INDEX(부록3DB!$J$7:$U$1241,MATCH('②-1 기후비작업근거'!$C$6&"|"&10,부록3DB!$I$7:$I$1241,0),1),0) -> 0.6 | G64: =IFERROR(INDEX(부록3DB!$J$7:$U$1241,MATCH('②-1 기후비작업근거'!$C$6&"|"&10,부록3DB!$I$7:$I$1241,0),2),0) -> 1.3 | H64: =IFERROR(INDEX(부록3DB!$J$7:$U$1241,MATCH('②-1 기후비작업근거'!$C$6&"|"&10,부록3DB!$I$7:$I$1241,0),3),0) -> 2 | I64: =IFERROR(INDEX(부록3DB!$J$7:$U$1241,MATCH('②-1 기후비작업근거'!$C$6&"|"&10,부록3DB!$I$7:$I$1241,0),4),0) -> 3.5 | J64: =IFERROR(INDEX(부록3DB!$J$7:$U$1241,MATCH('②-1 기후비작업근거'!$C$6&"|"&10,부록3DB!$I$7:$I$1241,0),5),0) -> 4.9 | K64: =IFERROR(INDEX(부록3DB!$J$7:$U$1241,MATCH('②-1 기후비작업근거'!$C$6&"|"&10,부록3DB!$I$7:$I$1241,0),6),0) -> 4.7 | L64: =IFERROR(INDEX(부록3DB!$J$7:$U$1241,MATCH('②-1 기후비작업근거'!$C$6&"|"&10,부록3DB!$I$7:$I$1241,0),7),0) -> 9.1 | M64: =IFERROR(INDEX(부록3DB!$J$7:$U$1241,MATCH('②-1 기후비작업근거'!$C$6&"|"&10,부록3DB!$I$7:$I$1241,0),8),0) -> 7.6 | N64: =IFERROR(INDEX(부록3DB!$J$7:$U$1241,MATCH('②-1 기후비작업근거'!$C$6&"|"&10,부록3DB!$I$7:$I$1241,0),9),0) -> 4.1 | O64: =IFERROR(INDEX(부록3DB!$J$7:$U$1241,MATCH('②-1 기후비작업근거'!$C$6&"|"&10,부록3DB!$I$7:$I$1241,0),10),0) -> 2.9 | P64: =IFERROR(INDEX(부록3DB!$J$7:$U$1241,MATCH('②-1 기후비작업근거'!$C$6&"|"&10,부록3DB!$I$7:$I$1241,0),11),0) -> 3.1 | Q64: =IFERROR(INDEX(부록3DB!$J$7:$U$1241,MATCH('②-1 기후비작업근거'!$C$6&"|"&10,부록3DB!$I$7:$I$1241,0),12),0) -> 1 | R64: =SUM(F64:Q64) -> 44.8 | T64: =IFERROR(IF(INDEX('②-1 기후비작업근거'!$F$28:$S$37,MATCH(①공사개요!$C$7,'②-1 기후비작업근거'!$B$28:$B$37,0),10)="Y","Y",""),"")
B65: =IF('②-1 기후비작업근거'!$C$7="자동",$T65,$S65) -> 0 | C65: 강우 | D65: 일강수량 10㎜ 이상 | E65: 토공·관로 강우제한 | F65: =IFERROR(INDEX(부록3DB!$J$7:$U$1241,MATCH('②-1 기후비작업근거'!$C$6&"|"&11,부록3DB!$I$7:$I$1241,0),1),0) -> 0.3 | G65: =IFERROR(INDEX(부록3DB!$J$7:$U$1241,MATCH('②-1 기후비작업근거'!$C$6&"|"&11,부록3DB!$I$7:$I$1241,0),2),0) -> 1 | H65: =IFERROR(INDEX(부록3DB!$J$7:$U$1241,MATCH('②-1 기후비작업근거'!$C$6&"|"&11,부록3DB!$I$7:$I$1241,0),3),0) -> 1 | I65: =IFERROR(INDEX(부록3DB!$J$7:$U$1241,MATCH('②-1 기후비작업근거'!$C$6&"|"&11,부록3DB!$I$7:$I$1241,0),4),0) -> 2.3 | J65: =IFERROR(INDEX(부록3DB!$J$7:$U$1241,MATCH('②-1 기후비작업근거'!$C$6&"|"&11,부록3DB!$I$7:$I$1241,0),5),0) -> 3.4 | K65: =IFERROR(INDEX(부록3DB!$J$7:$U$1241,MATCH('②-1 기후비작업근거'!$C$6&"|"&11,부록3DB!$I$7:$I$1241,0),6),0) -> 3.6 | L65: =IFERROR(INDEX(부록3DB!$J$7:$U$1241,MATCH('②-1 기후비작업근거'!$C$6&"|"&11,부록3DB!$I$7:$I$1241,0),7),0) -> 7.1 | M65: =IFERROR(INDEX(부록3DB!$J$7:$U$1241,MATCH('②-1 기후비작업근거'!$C$6&"|"&11,부록3DB!$I$7:$I$1241,0),8),0) -> 6.1 | N65: =IFERROR(INDEX(부록3DB!$J$7:$U$1241,MATCH('②-1 기후비작업근거'!$C$6&"|"&11,부록3DB!$I$7:$I$1241,0),9),0) -> 2.8 | O65: =IFERROR(INDEX(부록3DB!$J$7:$U$1241,MATCH('②-1 기후비작업근거'!$C$6&"|"&11,부록3DB!$I$7:$I$1241,0),10),0) -> 2 | P65: =IFERROR(INDEX(부록3DB!$J$7:$U$1241,MATCH('②-1 기후비작업근거'!$C$6&"|"&11,부록3DB!$I$7:$I$1241,0),11),0) -> 1.9 | Q65: =IFERROR(INDEX(부록3DB!$J$7:$U$1241,MATCH('②-1 기후비작업근거'!$C$6&"|"&11,부록3DB!$I$7:$I$1241,0),12),0) -> 0.6 | R65: =SUM(F65:Q65) -> 32.1
B66: =IF('②-1 기후비작업근거'!$C$7="자동",$T66,$S66) | C66: 강우 | D66: 일강수량 20㎜ 이상 | E66: 집중호우 제한 | F66: =IFERROR(INDEX(부록3DB!$J$7:$U$1241,MATCH('②-1 기후비작업근거'!$C$6&"|"&12,부록3DB!$I$7:$I$1241,0),1),0) -> 0.3 | G66: =IFERROR(INDEX(부록3DB!$J$7:$U$1241,MATCH('②-1 기후비작업근거'!$C$6&"|"&12,부록3DB!$I$7:$I$1241,0),2),0) -> 0.1 | H66: =IFERROR(INDEX(부록3DB!$J$7:$U$1241,MATCH('②-1 기후비작업근거'!$C$6&"|"&12,부록3DB!$I$7:$I$1241,0),3),0) -> 0.4 | I66: =IFERROR(INDEX(부록3DB!$J$7:$U$1241,MATCH('②-1 기후비작업근거'!$C$6&"|"&12,부록3DB!$I$7:$I$1241,0),4),0) -> 0.9 | J66: =IFERROR(INDEX(부록3DB!$J$7:$U$1241,MATCH('②-1 기후비작업근거'!$C$6&"|"&12,부록3DB!$I$7:$I$1241,0),5),0) -> 2.1 | K66: =IFERROR(INDEX(부록3DB!$J$7:$U$1241,MATCH('②-1 기후비작업근거'!$C$6&"|"&12,부록3DB!$I$7:$I$1241,0),6),0) -> 1.6 | L66: =IFERROR(INDEX(부록3DB!$J$7:$U$1241,MATCH('②-1 기후비작업근거'!$C$6&"|"&12,부록3DB!$I$7:$I$1241,0),7),0) -> 5.4 | M66: =IFERROR(INDEX(부록3DB!$J$7:$U$1241,MATCH('②-1 기후비작업근거'!$C$6&"|"&12,부록3DB!$I$7:$I$1241,0),8),0) -> 4.7 | N66: =IFERROR(INDEX(부록3DB!$J$7:$U$1241,MATCH('②-1 기후비작업근거'!$C$6&"|"&12,부록3DB!$I$7:$I$1241,0),9),0) -> 1.9 | O66: =IFERROR(INDEX(부록3DB!$J$7:$U$1241,MATCH('②-1 기후비작업근거'!$C$6&"|"&12,부록3DB!$I$7:$I$1241,0),10),0) -> 1 | P66: =IFERROR(INDEX(부록3DB!$J$7:$U$1241,MATCH('②-1 기후비작업근거'!$C$6&"|"&12,부록3DB!$I$7:$I$1241,0),11),0) -> 0.8 | Q66: =IFERROR(INDEX(부록3DB!$J$7:$U$1241,MATCH('②-1 기후비작업근거'!$C$6&"|"&12,부록3DB!$I$7:$I$1241,0),12),0) -> 0.3 | R66: =SUM(F66:Q66) -> 19.5 | T66: =IFERROR(IF(INDEX('②-1 기후비작업근거'!$F$28:$S$37,MATCH(①공사개요!$C$7,'②-1 기후비작업근거'!$B$28:$B$37,0),12)="Y","Y",""),"")
B67: =IF('②-1 기후비작업근거'!$C$7="자동",$T67,$S67) -> Y | C67: 강풍 | D67: 일최대순간풍속 15m/s 이상 | E67: 양중/타워크레인 KCS 21 20 10 | F67: =IFERROR(INDEX(부록3DB!$J$7:$U$1241,MATCH('②-1 기후비작업근거'!$C$6&"|"&13,부록3DB!$I$7:$I$1241,0),1),0) -> 0.1 | G67: =IFERROR(INDEX(부록3DB!$J$7:$U$1241,MATCH('②-1 기후비작업근거'!$C$6&"|"&13,부록3DB!$I$7:$I$1241,0),2),0) -> 0 | H67: =IFERROR(INDEX(부록3DB!$J$7:$U$1241,MATCH('②-1 기후비작업근거'!$C$6&"|"&13,부록3DB!$I$7:$I$1241,0),3),0) -> 0.2 | I67: =IFERROR(INDEX(부록3DB!$J$7:$U$1241,MATCH('②-1 기후비작업근거'!$C$6&"|"&13,부록3DB!$I$7:$I$1241,0),4),0) -> 0.2 | J67: =IFERROR(INDEX(부록3DB!$J$7:$U$1241,MATCH('②-1 기후비작업근거'!$C$6&"|"&13,부록3DB!$I$7:$I$1241,0),5),0) -> 0.4 | K67: =IFERROR(INDEX(부록3DB!$J$7:$U$1241,MATCH('②-1 기후비작업근거'!$C$6&"|"&13,부록3DB!$I$7:$I$1241,0),6),0) -> 0.3 | L67: =IFERROR(INDEX(부록3DB!$J$7:$U$1241,MATCH('②-1 기후비작업근거'!$C$6&"|"&13,부록3DB!$I$7:$I$1241,0),7),0) -> 0.2 | M67: =IFERROR(INDEX(부록3DB!$J$7:$U$1241,MATCH('②-1 기후비작업근거'!$C$6&"|"&13,부록3DB!$I$7:$I$1241,0),8),0) -> 0.3 | N67: =IFERROR(INDEX(부록3DB!$J$7:$U$1241,MATCH('②-1 기후비작업근거'!$C$6&"|"&13,부록3DB!$I$7:$I$1241,0),9),0) -> 0.3 | O67: =IFERROR(INDEX(부록3DB!$J$7:$U$1241,MATCH('②-1 기후비작업근거'!$C$6&"|"&13,부록3DB!$I$7:$I$1241,0),10),0) -> 0.1 | P67: =IFERROR(INDEX(부록3DB!$J$7:$U$1241,MATCH('②-1 기후비작업근거'!$C$6&"|"&13,부록3DB!$I$7:$I$1241,0),11),0) -> 0.3 | Q67: =IFERROR(INDEX(부록3DB!$J$7:$U$1241,MATCH('②-1 기후비작업근거'!$C$6&"|"&13,부록3DB!$I$7:$I$1241,0),12),0) -> 0.2 | R67: =SUM(F67:Q67) -> 2.6 | S67: Y | T67: =IFERROR(IF(INDEX('②-1 기후비작업근거'!$F$28:$S$37,MATCH(①공사개요!$C$7,'②-1 기후비작업근거'!$B$28:$B$37,0),1)="Y","Y",""),"") -> Y
B68: =IF('②-1 기후비작업근거'!$C$7="자동",$T68,$S68) -> Y | C68: 미세먼지 | D68: PM2.5 '나쁨' 36㎍/㎥↑ (고농도) | E68: ="PM2.5 나쁨일수 (환경부 · "&①공사개요!$C$6&" 인근 측정소 · 수동입력 확인)" -> PM2.5 나쁨일수 (환경부 · 연천군 인근 측정소 · 수동입력 확인) | F68: 3.5 | G68: 3.5 | H68: 4.5 | I68: 2.5 | J68: 1 | K68: 0 | L68: 0 | M68: 0 | N68: 0 | O68: 0.5 | P68: 1.5 | Q68: 2 | R68: =SUM(F68:Q68) -> 19 | S68: Y | T68: =IFERROR(IF(INDEX('②-1 기후비작업근거'!$F$28:$S$37,MATCH(①공사개요!$C$7,'②-1 기후비작업근거'!$B$28:$B$37,0),14)="Y","Y",""),"") -> Y
B69: ▶ 월별 기후비작업일수 (선택조건 합계 → ②에 자동연동) | F69: =SUMIF($B$55:$B$68,"Y",F55:F68) -> 14.7 | G69: =SUMIF($B$55:$B$68,"Y",G55:G68) -> 9.9 | H69: =SUMIF($B$55:$B$68,"Y",H55:H68) -> 7.5 | I69: =SUMIF($B$55:$B$68,"Y",I55:I68) -> 7 | J69: =SUMIF($B$55:$B$68,"Y",J55:J68) -> 6.9 | K69: =SUMIF($B$55:$B$68,"Y",K55:K68) -> 6 | L69: =SUMIF($B$55:$B$68,"Y",L55:L68) -> 16.3 | M69: =SUMIF($B$55:$B$68,"Y",M55:M68) -> 17.9 | ... Q69: =SUMIF($B$55:$B$68,"Y",Q55:Q68) -> 12.2 | R69: =SUM(F69:Q69) -> 114.1
B70: ※ 관측지점(C6)은 ①공사개요 기상지역, 행정구역(E6)은 부록3DB에서 자동 연동됩니다. 미세먼지(PM2.5) 행은 부록3DB에 자료가 없어 노란 칸에 지역 측정소 값을 직접 입력해야 합니다.
B71: ※ 선택방식 '자동': 위 [시설유형별 권장 매트릭스]에서 현재 시설유형(①공사개요) 행의 Y가 '선택'에 자동 반영. '수동': '수동선택(Y)' 칸 값 사용.
B72: ※ 13개 기상조건 값은 선택한 관측지점의 부록3(2015–2024) 통계가 자동 조회됩니다(회색 셀). 통계 수치 변경·지점 추가는 [부록3DB] 시트에서 직접 편집하면 자동 반영됩니다.
B73: ※ 중복계상 주의: 동절기는 (일최고0℃↓ 또는 적설5㎝↑) 결합조건 1개만 선택 권장. 강우는 공종특성에 맞는 임계값 1개만 선택(구조물 5㎜, 관로·토공 10㎜).
B74: ※ 미세먼지(노란셀)는 부록3에 없어 별도 입력합니다. 기본값은 세종 측정소 기준(환경부 2024, PM2.5 '나쁨' 36㎍/㎥↑ 연 19일)을 겨울·봄 집중 배분한 값이며, 다른 연도·지점은 에어코리아·KOSIS 통계로 수정하세요.

Sheet ②-2 기후비작업근거
A1: ②-3 기후 비작업일수 산정근거 (부록2 작업제한 기상조건 → 부록3 지역별 통계)
B2: 부록2의 국가건설기준(KCS 등) 작업제한 기상조건을, 부록3 기상청 10년(2015–2024) 지역통계로 일수화하여 월별 기후비작업일수를 산정합니다.
B3: 관측지점을 선택하면 13개 기상조건 값이 부록3에서 자동 반영됩니다. '선택(Y)'한 조건만 합산되며, 미세먼지는 별도 입력값을 사용합니다.
B5: ■ 관측지점 및 공사유형 선택
B6: 관측지점 | C6: =①공사개요!$C$11 -> 철원 | D6: 행정구역 | E6: =①공사개요!$C$6 -> 연천군
B7: 선택방식 | C7: 수동 | D7: 공사유형 | E7: 하수관로
B8: ※ '자동'이면 ①공사개요의 시설유형에 따라 권장 기상조건이 자동 선택(아래 매트릭스 기준). '수동'이면 '수동선택(Y)' 칸으로 직접 지정. 하수도=하수관로 공사 기준 적용.
B10: ■ 부록2 주요 작업제한 기상조건 (해당 공종 선정 참고)
B11: 공종/작업 | C11: 작업제한 기상조건 | E11: 근거
B12: 콘크리트 타설 | C12: 강우·강설 시 원칙 금지 / 동절기 일평균 4℃↓·타설후 24h 일최저 0℃↓ → 한중콘크리트 / 혹서기 일평균 25℃↑·타설후 24h 일최고 30℃↑ → 서중콘크리트 | E12: KCS 14 20 10·40·41
B13: 일반 토공/가시설(관로 굴착) | C13: 강우·강설 시, 동절기 저온 시 작업제한 (하수·상수관로 굴착·관부설 포함) | E13: KCS 11 계열
B14: 양중/타워크레인 | C14: 순간풍속 15m/s↑ 운전중지, 10m/s↑ 설치·해체 중지 | E14: KCS 21 20 10
B15: 강구조 현장용접 | C15: 대기온도 -20℃↓, 강우·강우직후, 풍속 2m/s↑(FCAW) | E15: KCS 14 31 30
B16: 도장/방수/포장 | C16: 5℃ 미만, 강우·강설·강풍 시, 43℃↑ | E16: KCS 14 31 40
B17: 미세먼지(고농도) | C17: PM2.5 '나쁨'(일평균 36㎍/㎥↑)·비상저감조치(50㎍/㎥↑) 시 옥외작업 조정 | E17: 대기관리권역법·지자체 조례
B19: ■ 시설유형별 권장 기상조건 (선택방식='자동' 시 적용) — Y=권장, 셀 수정가능
B20: 시설유형 \ 기상조건 | F20: ①체감33 | G20: ②체감35 | H20: ③최고33 | I20: ④최고35 | J20: ⑤최고0 | K20: ⑥적설5 | L20: ⑦결합 | M20: ⑧최저-12 | N20: ⑨강우3 | O20: ⑩강우5 | P20: ⑪강우10 | Q20: ⑫강우20 | R20: ⑬강풍15 | S20: ⑭미세먼지
B21: 도로포장 | L21: Y | O21: Y | S21: Y
B22: 도로(토공+교량) | F22: Y | L22: Y | P22: Y | R22: Y | S22: Y
B23: 농업용수 | F23: Y | L23: Y | P23: Y | S23: Y
B24: 상수도 | F24: Y | L24: Y | P24: Y | S24: Y
B25: 하수도 | F25: Y | L25: Y | P25: Y | S25: Y
B26: 철도(궤도) | F26: Y | L26: Y | P26: Y | R26: Y | S26: Y
B27: 학교 | F27: Y | L27: Y | O27: Y | R27: Y | S27: Y
B28: 청사 | F28: Y | L28: Y | O28: Y | R28: Y | S28: Y
B29: 기타건축물 | F29: Y | L29: Y | O29: Y | R29: Y | S29: Y
B30: 기타 | F30: Y | L30: Y | O30: Y | R30: Y | S30: Y
B31: ※ 하수도=하수관로(토공·관부설) 기준 → 혹서기 폭염(체감33)·동절기 결합·강우10㎜·미세먼지 권장. 구조물(학교·청사 등)은 강우5㎜·강풍 포함. 셀의 Y/공백을 수정하면 권장이 바뀝니다.
B55: ■ 기상조건별 비작업일수 (선택지점 자동조회, 2015–2024 월평균) — 선택=위 방식(자동:권장/수동:수동선택)
B56: 선택 | C56: 구분 | D56: 기상조건 | E56: 근거/기준 | F56: 1월 | G56: 2월 | H56: 3월 | I56: 4월 | J56: 5월 | K56: 6월 | L56: 7월 | M56: 8월 | N56: 9월 | O56: 10월 | P56: 11월 | Q56: 12월 | R56: 소계 | S56: 수동선택 | T56: 권장
B57: =IF('②-2 기후비작업근거'!$C$7="자동",$T57,$S57) -> 0 | C57: 혹서기 | D57: 체감온도 33℃ 이상 | E57: 서중콘크리트/폭염 KCS 14 20 41 | F57: =IFERROR(INDEX(부록3DB!$J$7:$U$1241,MATCH('②-2 기후비작업근거'!$C$6&"|"&1,부록3DB!$I$7:$I$1241,0),1),0) -> 0 | G57: =IFERROR(INDEX(부록3DB!$J$7:$U$1241,MATCH('②-2 기후비작업근거'!$C$6&"|"&1,부록3DB!$I$7:$I$1241,0),2),0) -> 0 | H57: =IFERROR(INDEX(부록3DB!$J$7:$U$1241,MATCH('②-2 기후비작업근거'!$C$6&"|"&1,부록3DB!$I$7:$I$1241,0),3),0) -> 0 | I57: =IFERROR(INDEX(부록3DB!$J$7:$U$1241,MATCH('②-2 기후비작업근거'!$C$6&"|"&1,부록3DB!$I$7:$I$1241,0),4),0) -> 0 | J57: =IFERROR(INDEX(부록3DB!$J$7:$U$1241,MATCH('②-2 기후비작업근거'!$C$6&"|"&1,부록3DB!$I$7:$I$1241,0),5),0) -> 0 | K57: =IFERROR(INDEX(부록3DB!$J$7:$U$1241,MATCH('②-2 기후비작업근거'!$C$6&"|"&1,부록3DB!$I$7:$I$1241,0),6),0) -> 0 | L57: =IFERROR(INDEX(부록3DB!$J$7:$U$1241,MATCH('②-2 기후비작업근거'!$C$6&"|"&1,부록3DB!$I$7:$I$1241,0),7),0) -> 5.7 | M57: =IFERROR(INDEX(부록3DB!$J$7:$U$1241,MATCH('②-2 기후비작업근거'!$C$6&"|"&1,부록3DB!$I$7:$I$1241,0),8),0) -> 9.2 | N57: =IFERROR(INDEX(부록3DB!$J$7:$U$1241,MATCH('②-2 기후비작업근거'!$C$6&"|"&1,부록3DB!$I$7:$I$1241,0),9),0) -> 0.1 | O57: =IFERROR(INDEX(부록3DB!$J$7:$U$1241,MATCH('②-2 기후비작업근거'!$C$6&"|"&1,부록3DB!$I$7:$I$1241,0),10),0) -> 0 | P57: =IFERROR(INDEX(부록3DB!$J$7:$U$1241,MATCH('②-2 기후비작업근거'!$C$6&"|"&1,부록3DB!$I$7:$I$1241,0),11),0) -> 0 | Q57: =IFERROR(INDEX(부록3DB!$J$7:$U$1241,MATCH('②-2 기후비작업근거'!$C$6&"|"&1,부록3DB!$I$7:$I$1241,0),12),0) -> 0 | R57: =SUM(F57:Q57) -> 15
B58: =IF('②-2 기후비작업근거'!$C$7="자동",$T58,$S58) -> 0 | C58: 혹서기 | D58: 체감온도 35℃ 이상 | E58: 폭염경보 기준 | F58: =IFERROR(INDEX(부록3DB!$J$7:$U$1241,MATCH('②-2 기후비작업근거'!$C$6&"|"&2,부록3DB!$I$7:$I$1241,0),1),0) -> 0 | G58: =IFERROR(INDEX(부록3DB!$J$7:$U$1241,MATCH('②-2 기후비작업근거'!$C$6&"|"&2,부록3DB!$I$7:$I$1241,0),2),0) -> 0 | H58: =IFERROR(INDEX(부록3DB!$J$7:$U$1241,MATCH('②-2 기후비작업근거'!$C$6&"|"&2,부록3DB!$I$7:$I$1241,0),3),0) -> 0 | I58: =IFERROR(INDEX(부록3DB!$J$7:$U$1241,MATCH('②-2 기후비작업근거'!$C$6&"|"&2,부록3DB!$I$7:$I$1241,0),4),0) -> 0 | J58: =IFERROR(INDEX(부록3DB!$J$7:$U$1241,MATCH('②-2 기후비작업근거'!$C$6&"|"&2,부록3DB!$I$7:$I$1241,0),5),0) -> 0 | K58: =IFERROR(INDEX(부록3DB!$J$7:$U$1241,MATCH('②-2 기후비작업근거'!$C$6&"|"&2,부록3DB!$I$7:$I$1241,0),6),0) -> 0 | L58: =IFERROR(INDEX(부록3DB!$J$7:$U$1241,MATCH('②-2 기후비작업근거'!$C$6&"|"&2,부록3DB!$I$7:$I$1241,0),7),0) -> 0.9 | M58: =IFERROR(INDEX(부록3DB!$J$7:$U$1241,MATCH('②-2 기후비작업근거'!$C$6&"|"&2,부록3DB!$I$7:$I$1241,0),8),0) -> 1.8 | N58: =IFERROR(INDEX(부록3DB!$J$7:$U$1241,MATCH('②-2 기후비작업근거'!$C$6&"|"&2,부록3DB!$I$7:$I$1241,0),9),0) -> 0 | O58: =IFERROR(INDEX(부록3DB!$J$7:$U$1241,MATCH('②-2 기후비작업근거'!$C$6&"|"&2,부록3DB!$I$7:$I$1241,0),10),0) -> 0 | P58: =IFERROR(INDEX(부록3DB!$J$7:$U$1241,MATCH('②-2 기후비작업근거'!$C$6&"|"&2,부록3DB!$I$7:$I$1241,0),11),0) -> 0 | Q58: =IFERROR(INDEX(부록3DB!$J$7:$U$1241,MATCH('②-2 기후비작업근거'!$C$6&"|"&2,부록3DB!$I$7:$I$1241,0),12),0) -> 0 | R58: =SUM(F58:Q58) -> 2.7 | T58: =IFERROR(IF(INDEX('②-2 기후비작업근거'!$F$21:$S$30,MATCH(①공사개요!$C$7,'②-2 기후비작업근거'!$B$21:$B$30,0),2)="Y","Y",""),"")
B59: =IF('②-2 기후비작업근거'!$C$7="자동",$T59,$S59) -> 0 | C59: 혹서기 | D59: 일최고온도 33℃ 이상 | E59: 서중콘크리트 참고 | F59: =IFERROR(INDEX(부록3DB!$J$7:$U$1241,MATCH('②-2 기후비작업근거'!$C$6&"|"&3,부록3DB!$I$7:$I$1241,0),1),0) -> 0 | G59: =IFERROR(INDEX(부록3DB!$J$7:$U$1241,MATCH('②-2 기후비작업근거'!$C$6&"|"&3,부록3DB!$I$7:$I$1241,0),2),0) -> 0 | H59: =IFERROR(INDEX(부록3DB!$J$7:$U$1241,MATCH('②-2 기후비작업근거'!$C$6&"|"&3,부록3DB!$I$7:$I$1241,0),3),0) -> 0 | I59: =IFERROR(INDEX(부록3DB!$J$7:$U$1241,MATCH('②-2 기후비작업근거'!$C$6&"|"&3,부록3DB!$I$7:$I$1241,0),4),0) -> 0 | J59: =IFERROR(INDEX(부록3DB!$J$7:$U$1241,MATCH('②-2 기후비작업근거'!$C$6&"|"&3,부록3DB!$I$7:$I$1241,0),5),0) -> 0 | K59: =IFERROR(INDEX(부록3DB!$J$7:$U$1241,MATCH('②-2 기후비작업근거'!$C$6&"|"&3,부록3DB!$I$7:$I$1241,0),6),0) -> 0.7 | L59: =IFERROR(INDEX(부록3DB!$J$7:$U$1241,MATCH('②-2 기후비작업근거'!$C$6&"|"&3,부록3DB!$I$7:$I$1241,0),7),0) -> 3.7 | M59: =IFERROR(INDEX(부록3DB!$J$7:$U$1241,MATCH('②-2 기후비작업근거'!$C$6&"|"&3,부록3DB!$I$7:$I$1241,0),8),0) -> 6 | N59: =IFERROR(INDEX(부록3DB!$J$7:$U$1241,MATCH('②-2 기후비작업근거'!$C$6&"|"&3,부록3DB!$I$7:$I$1241,0),9),0) -> 0.1 | O59: =IFERROR(INDEX(부록3DB!$J$7:$U$1241,MATCH('②-2 기후비작업근거'!$C$6&"|"&3,부록3DB!$I$7:$I$1241,0),10),0) -> 0 | P59: =IFERROR(INDEX(부록3DB!$J$7:$U$1241,MATCH('②-2 기후비작업근거'!$C$6&"|"&3,부록3DB!$I$7:$I$1241,0),11),0) -> 0 | Q59: =IFERROR(INDEX(부록3DB!$J$7:$U$1241,MATCH('②-2 기후비작업근거'!$C$6&"|"&3,부록3DB!$I$7:$I$1241,0),12),0) -> 0 | R59: =SUM(F59:Q59) -> 10.5 | T59: =IFERROR(IF(INDEX('②-2 기후비작업근거'!$F$21:$S$30,MATCH(①공사개요!$C$7,'②-2 기후비작업근거'!$B$21:$B$30,0),3)="Y","Y",""),"")
B60: =IF('②-2 기후비작업근거'!$C$7="자동",$T60,$S60) -> Y | C60: 혹서기 | D60: 일최고온도 35℃ 이상 | E60: 폭염특보 | F60: =IFERROR(INDEX(부록3DB!$J$7:$U$1241,MATCH('②-2 기후비작업근거'!$C$6&"|"&4,부록3DB!$I$7:$I$1241,0),1),0) -> 0 | G60: =IFERROR(INDEX(부록3DB!$J$7:$U$1241,MATCH('②-2 기후비작업근거'!$C$6&"|"&4,부록3DB!$I$7:$I$1241,0),2),0) -> 0 | H60: =IFERROR(INDEX(부록3DB!$J$7:$U$1241,MATCH('②-2 기후비작업근거'!$C$6&"|"&4,부록3DB!$I$7:$I$1241,0),3),0) -> 0 | I60: =IFERROR(INDEX(부록3DB!$J$7:$U$1241,MATCH('②-2 기후비작업근거'!$C$6&"|"&4,부록3DB!$I$7:$I$1241,0),4),0) -> 0 | J60: =IFERROR(INDEX(부록3DB!$J$7:$U$1241,MATCH('②-2 기후비작업근거'!$C$6&"|"&4,부록3DB!$I$7:$I$1241,0),5),0) -> 0 | K60: =IFERROR(INDEX(부록3DB!$J$7:$U$1241,MATCH('②-2 기후비작업근거'!$C$6&"|"&4,부록3DB!$I$7:$I$1241,0),6),0) -> 0.1 | L60: =IFERROR(INDEX(부록3DB!$J$7:$U$1241,MATCH('②-2 기후비작업근거'!$C$6&"|"&4,부록3DB!$I$7:$I$1241,0),7),0) -> 0.9 | M60: =IFERROR(INDEX(부록3DB!$J$7:$U$1241,MATCH('②-2 기후비작업근거'!$C$6&"|"&4,부록3DB!$I$7:$I$1241,0),8),0) -> 0.8 | N60: =IFERROR(INDEX(부록3DB!$J$7:$U$1241,MATCH('②-2 기후비작업근거'!$C$6&"|"&4,부록3DB!$I$7:$I$1241,0),9),0) -> 0 | O60: =IFERROR(INDEX(부록3DB!$J$7:$U$1241,MATCH('②-2 기후비작업근거'!$C$6&"|"&4,부록3DB!$I$7:$I$1241,0),10),0) -> 0 | P60: =IFERROR(INDEX(부록3DB!$J$7:$U$1241,MATCH('②-2 기후비작업근거'!$C$6&"|"&4,부록3DB!$I$7:$I$1241,0),11),0) -> 0 | Q60: =IFERROR(INDEX(부록3DB!$J$7:$U$1241,MATCH('②-2 기후비작업근거'!$C$6&"|"&4,부록3DB!$I$7:$I$1241,0),12),0) -> 0 | R60: =SUM(F60:Q60) -> 1.8 | S60: Y | T60: =IFERROR(IF(INDEX('②-2 기후비작업근거'!$F$21:$S$30,MATCH(①공사개요!$C$7,'②-2 기후비작업근거'!$B$21:$B$30,0),1)="Y","Y",""),"") -> Y
B61: =IF('②-2 기후비작업근거'!$C$7="자동",$T61,$S61) -> 0 | C61: 동절기 | D61: 일최고기온 0℃ 이하 | E61: 한중콘크리트 KCS 14 20 40 | F61: =IFERROR(INDEX(부록3DB!$J$7:$U$1241,MATCH('②-2 기후비작업근거'!$C$6&"|"&5,부록3DB!$I$7:$I$1241,0),1),0) -> 9.9 | G61: =IFERROR(INDEX(부록3DB!$J$7:$U$1241,MATCH('②-2 기후비작업근거'!$C$6&"|"&5,부록3DB!$I$7:$I$1241,0),2),0) -> 4.4 | H61: =IFERROR(INDEX(부록3DB!$J$7:$U$1241,MATCH('②-2 기후비작업근거'!$C$6&"|"&5,부록3DB!$I$7:$I$1241,0),3),0) -> 0.2 | I61: =IFERROR(INDEX(부록3DB!$J$7:$U$1241,MATCH('②-2 기후비작업근거'!$C$6&"|"&5,부록3DB!$I$7:$I$1241,0),4),0) -> 0 | J61: =IFERROR(INDEX(부록3DB!$J$7:$U$1241,MATCH('②-2 기후비작업근거'!$C$6&"|"&5,부록3DB!$I$7:$I$1241,0),5),0) -> 0 | K61: =IFERROR(INDEX(부록3DB!$J$7:$U$1241,MATCH('②-2 기후비작업근거'!$C$6&"|"&5,부록3DB!$I$7:$I$1241,0),6),0) -> 0 | L61: =IFERROR(INDEX(부록3DB!$J$7:$U$1241,MATCH('②-2 기후비작업근거'!$C$6&"|"&5,부록3DB!$I$7:$I$1241,0),7),0) -> 0 | M61: =IFERROR(INDEX(부록3DB!$J$7:$U$1241,MATCH('②-2 기후비작업근거'!$C$6&"|"&5,부록3DB!$I$7:$I$1241,0),8),0) -> 0 | N61: =IFERROR(INDEX(부록3DB!$J$7:$U$1241,MATCH('②-2 기후비작업근거'!$C$6&"|"&5,부록3DB!$I$7:$I$1241,0),9),0) -> 0 | O61: =IFERROR(INDEX(부록3DB!$J$7:$U$1241,MATCH('②-2 기후비작업근거'!$C$6&"|"&5,부록3DB!$I$7:$I$1241,0),10),0) -> 0 | P61: =IFERROR(INDEX(부록3DB!$J$7:$U$1241,MATCH('②-2 기후비작업근거'!$C$6&"|"&5,부록3DB!$I$7:$I$1241,0),11),0) -> 0.5 | Q61: =IFERROR(INDEX(부록3DB!$J$7:$U$1241,MATCH('②-2 기후비작업근거'!$C$6&"|"&5,부록3DB!$I$7:$I$1241,0),12),0) -> 8.3 | R61: =SUM(F61:Q61) -> 23.3 | T61: =IFERROR(IF(INDEX('②-2 기후비작업근거'!$F$21:$S$30,MATCH(①공사개요!$C$7,'②-2 기후비작업근거'!$B$21:$B$30,0),5)="Y","Y",""),"")
B62: =IF('②-2 기후비작업근거'!$C$7="자동",$T62,$S62) -> 0 | C62: 동절기 | D62: 일최심신적설 5㎝ 이상 | E62: 강설 작업제한 | F62: =IFERROR(INDEX(부록3DB!$J$7:$U$1241,MATCH('②-2 기후비작업근거'!$C$6&"|"&6,부록3DB!$I$7:$I$1241,0),1),0) -> 0.1 | G62: =IFERROR(INDEX(부록3DB!$J$7:$U$1241,MATCH('②-2 기후비작업근거'!$C$6&"|"&6,부록3DB!$I$7:$I$1241,0),2),0) -> 0 | H62: =IFERROR(INDEX(부록3DB!$J$7:$U$1241,MATCH('②-2 기후비작업근거'!$C$6&"|"&6,부록3DB!$I$7:$I$1241,0),3),0) -> 0 | I62: =IFERROR(INDEX(부록3DB!$J$7:$U$1241,MATCH('②-2 기후비작업근거'!$C$6&"|"&6,부록3DB!$I$7:$I$1241,0),4),0) -> 0 | J62: =IFERROR(INDEX(부록3DB!$J$7:$U$1241,MATCH('②-2 기후비작업근거'!$C$6&"|"&6,부록3DB!$I$7:$I$1241,0),5),0) -> 0 | K62: =IFERROR(INDEX(부록3DB!$J$7:$U$1241,MATCH('②-2 기후비작업근거'!$C$6&"|"&6,부록3DB!$I$7:$I$1241,0),6),0) -> 0 | L62: =IFERROR(INDEX(부록3DB!$J$7:$U$1241,MATCH('②-2 기후비작업근거'!$C$6&"|"&6,부록3DB!$I$7:$I$1241,0),7),0) -> 0 | M62: =IFERROR(INDEX(부록3DB!$J$7:$U$1241,MATCH('②-2 기후비작업근거'!$C$6&"|"&6,부록3DB!$I$7:$I$1241,0),8),0) -> 0 | N62: =IFERROR(INDEX(부록3DB!$J$7:$U$1241,MATCH('②-2 기후비작업근거'!$C$6&"|"&6,부록3DB!$I$7:$I$1241,0),9),0) -> 0 | O62: =IFERROR(INDEX(부록3DB!$J$7:$U$1241,MATCH('②-2 기후비작업근거'!$C$6&"|"&6,부록3DB!$I$7:$I$1241,0),10),0) -> 0 | P62: =IFERROR(INDEX(부록3DB!$J$7:$U$1241,MATCH('②-2 기후비작업근거'!$C$6&"|"&6,부록3DB!$I$7:$I$1241,0),11),0) -> 0 | Q62: =IFERROR(INDEX(부록3DB!$J$7:$U$1241,MATCH('②-2 기후비작업근거'!$C$6&"|"&6,부록3DB!$I$7:$I$1241,0),12),0) -> 0 | R62: =SUM(F62:Q62) -> 0.1 | T62: =IFERROR(IF(INDEX('②-2 기후비작업근거'!$F$21:$S$30,MATCH(①공사개요!$C$7,'②-2 기후비작업근거'!$B$21:$B$30,0),6)="Y","Y",""),"")
B63: =IF('②-2 기후비작업근거'!$C$7="자동",$T63,$S63) -> 0 | C63: 동절기 | D63: 일최고 0℃↓ 또는 적설 5㎝↑(결합) | E63: 한중+강설(중복제거) | F63: =IFERROR(INDEX(부록3DB!$J$7:$U$1241,MATCH('②-2 기후비작업근거'!$C$6&"|"&7,부록3DB!$I$7:$I$1241,0),1),0) -> 10 | G63: =IFERROR(INDEX(부록3DB!$J$7:$U$1241,MATCH('②-2 기후비작업근거'!$C$6&"|"&7,부록3DB!$I$7:$I$1241,0),2),0) -> 4.4 | H63: =IFERROR(INDEX(부록3DB!$J$7:$U$1241,MATCH('②-2 기후비작업근거'!$C$6&"|"&7,부록3DB!$I$7:$I$1241,0),3),0) -> 0.2 | I63: =IFERROR(INDEX(부록3DB!$J$7:$U$1241,MATCH('②-2 기후비작업근거'!$C$6&"|"&7,부록3DB!$I$7:$I$1241,0),4),0) -> 0 | J63: =IFERROR(INDEX(부록3DB!$J$7:$U$1241,MATCH('②-2 기후비작업근거'!$C$6&"|"&7,부록3DB!$I$7:$I$1241,0),5),0) -> 0 | K63: =IFERROR(INDEX(부록3DB!$J$7:$U$1241,MATCH('②-2 기후비작업근거'!$C$6&"|"&7,부록3DB!$I$7:$I$1241,0),6),0) -> 0 | L63: =IFERROR(INDEX(부록3DB!$J$7:$U$1241,MATCH('②-2 기후비작업근거'!$C$6&"|"&7,부록3DB!$I$7:$I$1241,0),7),0) -> 0 | M63: =IFERROR(INDEX(부록3DB!$J$7:$U$1241,MATCH('②-2 기후비작업근거'!$C$6&"|"&7,부록3DB!$I$7:$I$1241,0),8),0) -> 0 | N63: =IFERROR(INDEX(부록3DB!$J$7:$U$1241,MATCH('②-2 기후비작업근거'!$C$6&"|"&7,부록3DB!$I$7:$I$1241,0),9),0) -> 0 | O63: =IFERROR(INDEX(부록3DB!$J$7:$U$1241,MATCH('②-2 기후비작업근거'!$C$6&"|"&7,부록3DB!$I$7:$I$1241,0),10),0) -> 0 | P63: =IFERROR(INDEX(부록3DB!$J$7:$U$1241,MATCH('②-2 기후비작업근거'!$C$6&"|"&7,부록3DB!$I$7:$I$1241,0),11),0) -> 0.5 | Q63: =IFERROR(INDEX(부록3DB!$J$7:$U$1241,MATCH('②-2 기후비작업근거'!$C$6&"|"&7,부록3DB!$I$7:$I$1241,0),12),0) -> 8.3 | R63: =SUM(F63:Q63) -> 23.4
B64: =IF('②-2 기후비작업근거'!$C$7="자동",$T64,$S64) -> 0 | C64: 동절기 | D64: 일최저기온 -12℃ 이하 | E64: 혹한 작업중지 | F64: =IFERROR(INDEX(부록3DB!$J$7:$U$1241,MATCH('②-2 기후비작업근거'!$C$6&"|"&8,부록3DB!$I$7:$I$1241,0),1),0) -> 14.3 | G64: =IFERROR(INDEX(부록3DB!$J$7:$U$1241,MATCH('②-2 기후비작업근거'!$C$6&"|"&8,부록3DB!$I$7:$I$1241,0),2),0) -> 6 | H64: =IFERROR(INDEX(부록3DB!$J$7:$U$1241,MATCH('②-2 기후비작업근거'!$C$6&"|"&8,부록3DB!$I$7:$I$1241,0),3),0) -> 0.1 | I64: =IFERROR(INDEX(부록3DB!$J$7:$U$1241,MATCH('②-2 기후비작업근거'!$C$6&"|"&8,부록3DB!$I$7:$I$1241,0),4),0) -> 0 | J64: =IFERROR(INDEX(부록3DB!$J$7:$U$1241,MATCH('②-2 기후비작업근거'!$C$6&"|"&8,부록3DB!$I$7:$I$1241,0),5),0) -> 0 | K64: =IFERROR(INDEX(부록3DB!$J$7:$U$1241,MATCH('②-2 기후비작업근거'!$C$6&"|"&8,부록3DB!$I$7:$I$1241,0),6),0) -> 0 | L64: =IFERROR(INDEX(부록3DB!$J$7:$U$1241,MATCH('②-2 기후비작업근거'!$C$6&"|"&8,부록3DB!$I$7:$I$1241,0),7),0) -> 0 | M64: =IFERROR(INDEX(부록3DB!$J$7:$U$1241,MATCH('②-2 기후비작업근거'!$C$6&"|"&8,부록3DB!$I$7:$I$1241,0),8),0) -> 0 | N64: =IFERROR(INDEX(부록3DB!$J$7:$U$1241,MATCH('②-2 기후비작업근거'!$C$6&"|"&8,부록3DB!$I$7:$I$1241,0),9),0) -> 0 | O64: =IFERROR(INDEX(부록3DB!$J$7:$U$1241,MATCH('②-2 기후비작업근거'!$C$6&"|"&8,부록3DB!$I$7:$I$1241,0),10),0) -> 0 | P64: =IFERROR(INDEX(부록3DB!$J$7:$U$1241,MATCH('②-2 기후비작업근거'!$C$6&"|"&8,부록3DB!$I$7:$I$1241,0),11),0) -> 0 | Q64: =IFERROR(INDEX(부록3DB!$J$7:$U$1241,MATCH('②-2 기후비작업근거'!$C$6&"|"&8,부록3DB!$I$7:$I$1241,0),12),0) -> 8.7 | R64: =SUM(F64:Q64) -> 29.1 | T64: =IFERROR(IF(INDEX('②-2 기후비작업근거'!$F$21:$S$30,MATCH(①공사개요!$C$7,'②-2 기후비작업근거'!$B$21:$B$30,0),8)="Y","Y",""),"")
B65: =IF('②-2 기후비작업근거'!$C$7="자동",$T65,$S65) -> Y | C65: 동절기 | D65: 일최고 5℃ 이하 | F65: 15.6 | G65: 7.4 | H65: 0.4 | I65: - | J65: - | K65: - | L65: - | M65: - | N65: - | O65: - | P65: 0.8 | Q65: 12.7 | R65: =SUM(F65:Q65) -> 36.9 | S65: Y | T65: =IFERROR(IF(INDEX('②-2 기후비작업근거'!$F$21:$S$30,MATCH(①공사개요!$C$7,'②-2 기후비작업근거'!$B$21:$B$30,0),11)="Y","Y",""),"") -> Y
B66: =IF('②-2 기후비작업근거'!$C$7="자동",$T66,$S66) -> Y | C66: 강우 | D66: 일강수량 3㎜ 이상 | E66: 강우 타설금지(보수적) | F66: =IFERROR(INDEX(부록3DB!$J$7:$U$1241,MATCH('②-2 기후비작업근거'!$C$6&"|"&9,부록3DB!$I$7:$I$1241,0),1),0) -> 1.1 | G66: =IFERROR(INDEX(부록3DB!$J$7:$U$1241,MATCH('②-2 기후비작업근거'!$C$6&"|"&9,부록3DB!$I$7:$I$1241,0),2),0) -> 2 | H66: =IFERROR(INDEX(부록3DB!$J$7:$U$1241,MATCH('②-2 기후비작업근거'!$C$6&"|"&9,부록3DB!$I$7:$I$1241,0),3),0) -> 2.6 | I66: =IFERROR(INDEX(부록3DB!$J$7:$U$1241,MATCH('②-2 기후비작업근거'!$C$6&"|"&9,부록3DB!$I$7:$I$1241,0),4),0) -> 4.3 | J66: =IFERROR(INDEX(부록3DB!$J$7:$U$1241,MATCH('②-2 기후비작업근거'!$C$6&"|"&9,부록3DB!$I$7:$I$1241,0),5),0) -> 5.5 | K66: =IFERROR(INDEX(부록3DB!$J$7:$U$1241,MATCH('②-2 기후비작업근거'!$C$6&"|"&9,부록3DB!$I$7:$I$1241,0),6),0) -> 5.7 | L66: =IFERROR(INDEX(부록3DB!$J$7:$U$1241,MATCH('②-2 기후비작업근거'!$C$6&"|"&9,부록3DB!$I$7:$I$1241,0),7),0) -> 10.4 | M66: =IFERROR(INDEX(부록3DB!$J$7:$U$1241,MATCH('②-2 기후비작업근거'!$C$6&"|"&9,부록3DB!$I$7:$I$1241,0),8),0) -> 8.4 | N66: =IFERROR(INDEX(부록3DB!$J$7:$U$1241,MATCH('②-2 기후비작업근거'!$C$6&"|"&9,부록3DB!$I$7:$I$1241,0),9),0) -> 4.5 | O66: =IFERROR(INDEX(부록3DB!$J$7:$U$1241,MATCH('②-2 기후비작업근거'!$C$6&"|"&9,부록3DB!$I$7:$I$1241,0),10),0) -> 3.6 | P66: =IFERROR(INDEX(부록3DB!$J$7:$U$1241,MATCH('②-2 기후비작업근거'!$C$6&"|"&9,부록3DB!$I$7:$I$1241,0),11),0) -> 4.3 | Q66: =IFERROR(INDEX(부록3DB!$J$7:$U$1241,MATCH('②-2 기후비작업근거'!$C$6&"|"&9,부록3DB!$I$7:$I$1241,0),12),0) -> 1.7 | R66: =SUM(F66:Q66) -> 54.1 | S66: Y | T66: =IFERROR(IF(INDEX('②-2 기후비작업근거'!$F$21:$S$30,MATCH(①공사개요!$C$7,'②-2 기후비작업근거'!$B$21:$B$30,0),11)="Y","Y",""),"") -> Y
B67: =IF('②-2 기후비작업근거'!$C$7="자동",$T67,$S67) -> 0 | C67: 강우 | D67: 일강수량 5㎜ 이상 | E67: 강우 타설금지(표준) | F67: =IFERROR(INDEX(부록3DB!$J$7:$U$1241,MATCH('②-2 기후비작업근거'!$C$6&"|"&10,부록3DB!$I$7:$I$1241,0),1),0) -> 0.6 | G67: =IFERROR(INDEX(부록3DB!$J$7:$U$1241,MATCH('②-2 기후비작업근거'!$C$6&"|"&10,부록3DB!$I$7:$I$1241,0),2),0) -> 1.3 | H67: =IFERROR(INDEX(부록3DB!$J$7:$U$1241,MATCH('②-2 기후비작업근거'!$C$6&"|"&10,부록3DB!$I$7:$I$1241,0),3),0) -> 2 | I67: =IFERROR(INDEX(부록3DB!$J$7:$U$1241,MATCH('②-2 기후비작업근거'!$C$6&"|"&10,부록3DB!$I$7:$I$1241,0),4),0) -> 3.5 | J67: =IFERROR(INDEX(부록3DB!$J$7:$U$1241,MATCH('②-2 기후비작업근거'!$C$6&"|"&10,부록3DB!$I$7:$I$1241,0),5),0) -> 4.9 | K67: =IFERROR(INDEX(부록3DB!$J$7:$U$1241,MATCH('②-2 기후비작업근거'!$C$6&"|"&10,부록3DB!$I$7:$I$1241,0),6),0) -> 4.7 | L67: =IFERROR(INDEX(부록3DB!$J$7:$U$1241,MATCH('②-2 기후비작업근거'!$C$6&"|"&10,부록3DB!$I$7:$I$1241,0),7),0) -> 9.1 | M67: =IFERROR(INDEX(부록3DB!$J$7:$U$1241,MATCH('②-2 기후비작업근거'!$C$6&"|"&10,부록3DB!$I$7:$I$1241,0),8),0) -> 7.6 | N67: =IFERROR(INDEX(부록3DB!$J$7:$U$1241,MATCH('②-2 기후비작업근거'!$C$6&"|"&10,부록3DB!$I$7:$I$1241,0),9),0) -> 4.1 | O67: =IFERROR(INDEX(부록3DB!$J$7:$U$1241,MATCH('②-2 기후비작업근거'!$C$6&"|"&10,부록3DB!$I$7:$I$1241,0),10),0) -> 2.9 | P67: =IFERROR(INDEX(부록3DB!$J$7:$U$1241,MATCH('②-2 기후비작업근거'!$C$6&"|"&10,부록3DB!$I$7:$I$1241,0),11),0) -> 3.1 | Q67: =IFERROR(INDEX(부록3DB!$J$7:$U$1241,MATCH('②-2 기후비작업근거'!$C$6&"|"&10,부록3DB!$I$7:$I$1241,0),12),0) -> 1 | R67: =SUM(F67:Q67) -> 44.8 | T67: =IFERROR(IF(INDEX('②-2 기후비작업근거'!$F$21:$S$30,MATCH(①공사개요!$C$7,'②-2 기후비작업근거'!$B$21:$B$30,0),10)="Y","Y",""),"")
B68: =IF('②-2 기후비작업근거'!$C$7="자동",$T68,$S68) -> 0 | C68: 강우 | D68: 일강수량 10㎜ 이상 | E68: 토공·관로 강우제한 | F68: =IFERROR(INDEX(부록3DB!$J$7:$U$1241,MATCH('②-2 기후비작업근거'!$C$6&"|"&11,부록3DB!$I$7:$I$1241,0),1),0) -> 0.3 | G68: =IFERROR(INDEX(부록3DB!$J$7:$U$1241,MATCH('②-2 기후비작업근거'!$C$6&"|"&11,부록3DB!$I$7:$I$1241,0),2),0) -> 1 | H68: =IFERROR(INDEX(부록3DB!$J$7:$U$1241,MATCH('②-2 기후비작업근거'!$C$6&"|"&11,부록3DB!$I$7:$I$1241,0),3),0) -> 1 | I68: =IFERROR(INDEX(부록3DB!$J$7:$U$1241,MATCH('②-2 기후비작업근거'!$C$6&"|"&11,부록3DB!$I$7:$I$1241,0),4),0) -> 2.3 | J68: =IFERROR(INDEX(부록3DB!$J$7:$U$1241,MATCH('②-2 기후비작업근거'!$C$6&"|"&11,부록3DB!$I$7:$I$1241,0),5),0) -> 3.4 | K68: =IFERROR(INDEX(부록3DB!$J$7:$U$1241,MATCH('②-2 기후비작업근거'!$C$6&"|"&11,부록3DB!$I$7:$I$1241,0),6),0) -> 3.6 | L68: =IFERROR(INDEX(부록3DB!$J$7:$U$1241,MATCH('②-2 기후비작업근거'!$C$6&"|"&11,부록3DB!$I$7:$I$1241,0),7),0) -> 7.1 | M68: =IFERROR(INDEX(부록3DB!$J$7:$U$1241,MATCH('②-2 기후비작업근거'!$C$6&"|"&11,부록3DB!$I$7:$I$1241,0),8),0) -> 6.1 | N68: =IFERROR(INDEX(부록3DB!$J$7:$U$1241,MATCH('②-2 기후비작업근거'!$C$6&"|"&11,부록3DB!$I$7:$I$1241,0),9),0) -> 2.8 | O68: =IFERROR(INDEX(부록3DB!$J$7:$U$1241,MATCH('②-2 기후비작업근거'!$C$6&"|"&11,부록3DB!$I$7:$I$1241,0),10),0) -> 2 | P68: =IFERROR(INDEX(부록3DB!$J$7:$U$1241,MATCH('②-2 기후비작업근거'!$C$6&"|"&11,부록3DB!$I$7:$I$1241,0),11),0) -> 1.9 | Q68: =IFERROR(INDEX(부록3DB!$J$7:$U$1241,MATCH('②-2 기후비작업근거'!$C$6&"|"&11,부록3DB!$I$7:$I$1241,0),12),0) -> 0.6 | R68: =SUM(F68:Q68) -> 32.1
B69: =IF('②-2 기후비작업근거'!$C$7="자동",$T69,$S69) -> 0 | C69: 강우 | D69: 일강수량 20㎜ 이상 | E69: 집중호우 제한 | F69: =IFERROR(INDEX(부록3DB!$J$7:$U$1241,MATCH('②-2 기후비작업근거'!$C$6&"|"&12,부록3DB!$I$7:$I$1241,0),1),0) -> 0.3 | G69: =IFERROR(INDEX(부록3DB!$J$7:$U$1241,MATCH('②-2 기후비작업근거'!$C$6&"|"&12,부록3DB!$I$7:$I$1241,0),2),0) -> 0.1 | H69: =IFERROR(INDEX(부록3DB!$J$7:$U$1241,MATCH('②-2 기후비작업근거'!$C$6&"|"&12,부록3DB!$I$7:$I$1241,0),3),0) -> 0.4 | I69: =IFERROR(INDEX(부록3DB!$J$7:$U$1241,MATCH('②-2 기후비작업근거'!$C$6&"|"&12,부록3DB!$I$7:$I$1241,0),4),0) -> 0.9 | J69: =IFERROR(INDEX(부록3DB!$J$7:$U$1241,MATCH('②-2 기후비작업근거'!$C$6&"|"&12,부록3DB!$I$7:$I$1241,0),5),0) -> 2.1 | K69: =IFERROR(INDEX(부록3DB!$J$7:$U$1241,MATCH('②-2 기후비작업근거'!$C$6&"|"&12,부록3DB!$I$7:$I$1241,0),6),0) -> 1.6 | L69: =IFERROR(INDEX(부록3DB!$J$7:$U$1241,MATCH('②-2 기후비작업근거'!$C$6&"|"&12,부록3DB!$I$7:$I$1241,0),7),0) -> 5.4 | M69: =IFERROR(INDEX(부록3DB!$J$7:$U$1241,MATCH('②-2 기후비작업근거'!$C$6&"|"&12,부록3DB!$I$7:$I$1241,0),8),0) -> 4.7 | N69: =IFERROR(INDEX(부록3DB!$J$7:$U$1241,MATCH('②-2 기후비작업근거'!$C$6&"|"&12,부록3DB!$I$7:$I$1241,0),9),0) -> 1.9 | O69: =IFERROR(INDEX(부록3DB!$J$7:$U$1241,MATCH('②-2 기후비작업근거'!$C$6&"|"&12,부록3DB!$I$7:$I$1241,0),10),0) -> 1 | P69: =IFERROR(INDEX(부록3DB!$J$7:$U$1241,MATCH('②-2 기후비작업근거'!$C$6&"|"&12,부록3DB!$I$7:$I$1241,0),11),0) -> 0.8 | Q69: =IFERROR(INDEX(부록3DB!$J$7:$U$1241,MATCH('②-2 기후비작업근거'!$C$6&"|"&12,부록3DB!$I$7:$I$1241,0),12),0) -> 0.3 | R69: =SUM(F69:Q69) -> 19.5
B70: =IF('②-2 기후비작업근거'!$C$7="자동",$T70,$S70) -> 0 | C70: 강풍 | D70: 일최대순간풍속 15m/s 이상 | E70: 양중/타워크레인 KCS 21 20 10 | F70: =IFERROR(INDEX(부록3DB!$J$7:$U$1241,MATCH('②-2 기후비작업근거'!$C$6&"|"&13,부록3DB!$I$7:$I$1241,0),1),0) -> 0.1 | G70: =IFERROR(INDEX(부록3DB!$J$7:$U$1241,MATCH('②-2 기후비작업근거'!$C$6&"|"&13,부록3DB!$I$7:$I$1241,0),2),0) -> 0 | H70: =IFERROR(INDEX(부록3DB!$J$7:$U$1241,MATCH('②-2 기후비작업근거'!$C$6&"|"&13,부록3DB!$I$7:$I$1241,0),3),0) -> 0.2 | I70: =IFERROR(INDEX(부록3DB!$J$7:$U$1241,MATCH('②-2 기후비작업근거'!$C$6&"|"&13,부록3DB!$I$7:$I$1241,0),4),0) -> 0.2 | J70: =IFERROR(INDEX(부록3DB!$J$7:$U$1241,MATCH('②-2 기후비작업근거'!$C$6&"|"&13,부록3DB!$I$7:$I$1241,0),5),0) -> 0.4 | K70: =IFERROR(INDEX(부록3DB!$J$7:$U$1241,MATCH('②-2 기후비작업근거'!$C$6&"|"&13,부록3DB!$I$7:$I$1241,0),6),0) -> 0.3 | L70: =IFERROR(INDEX(부록3DB!$J$7:$U$1241,MATCH('②-2 기후비작업근거'!$C$6&"|"&13,부록3DB!$I$7:$I$1241,0),7),0) -> 0.2 | M70: =IFERROR(INDEX(부록3DB!$J$7:$U$1241,MATCH('②-2 기후비작업근거'!$C$6&"|"&13,부록3DB!$I$7:$I$1241,0),8),0) -> 0.3 | N70: =IFERROR(INDEX(부록3DB!$J$7:$U$1241,MATCH('②-2 기후비작업근거'!$C$6&"|"&13,부록3DB!$I$7:$I$1241,0),9),0) -> 0.3 | O70: =IFERROR(INDEX(부록3DB!$J$7:$U$1241,MATCH('②-2 기후비작업근거'!$C$6&"|"&13,부록3DB!$I$7:$I$1241,0),10),0) -> 0.1 | P70: =IFERROR(INDEX(부록3DB!$J$7:$U$1241,MATCH('②-2 기후비작업근거'!$C$6&"|"&13,부록3DB!$I$7:$I$1241,0),11),0) -> 0.3 | Q70: =IFERROR(INDEX(부록3DB!$J$7:$U$1241,MATCH('②-2 기후비작업근거'!$C$6&"|"&13,부록3DB!$I$7:$I$1241,0),12),0) -> 0.2 | R70: =SUM(F70:Q70) -> 2.6
B71: =IF('②-2 기후비작업근거'!$C$7="자동",$T71,$S71) -> 0 | C71: 미세먼지 | D71: PM2.5 '나쁨' 36㎍/㎥↑ (고농도) | E71: ="PM2.5 나쁨일수 (환경부 · "&①공사개요!$C$6&" 인근 측정소 · 수동입력 확인)" -> PM2.5 나쁨일수 (환경부 · 연천군 인근 측정소 · 수동입력 확인) | F71: 3.5 | G71: 3.5 | H71: 4.5 | I71: 2.5 | J71: 1 | K71: 0 | L71: 0 | M71: 0 | N71: 0 | O71: 0.5 | P71: 1.5 | Q71: 2 | R71: =SUM(F71:Q71) -> 19
B72: ▶ 월별 기후비작업일수 (선택조건 합계 → ②에 자동연동) | F72: =SUMIF($B$57:$B$71,"Y",F57:F71) -> 16.7 | G72: =SUMIF($B$57:$B$71,"Y",G57:G71) -> 9.4 | H72: =SUMIF($B$57:$B$71,"Y",H57:H71) -> 3 | I72: =SUMIF($B$57:$B$71,"Y",I57:I71) -> 4.3 | J72: =SUMIF($B$57:$B$71,"Y",J57:J71) -> 5.5 | K72: =SUMIF($B$57:$B$71,"Y",K57:K71) -> 5.8 | L72: =SUMIF($B$57:$B$71,"Y",L57:L71) -> 11.3 | M72: =SUMIF($B$57:$B$71,"Y",M57:M71) -> 9.2 | ... Q72: =SUMIF($B$57:$B$71,"Y",Q57:Q71) -> 14.4 | R72: =SUM(F72:Q72) -> 92.8
B74: ※ 선택방식 '자동': 위 [시설유형별 권장 매트릭스]에서 현재 시설유형(①공사개요) 행의 Y가 '선택'에 자동 반영. '수동': '수동선택(Y)' 칸 값 사용.
B75: ※ 관측지점(C6)은 ①공사개요 기상지역, 행정구역(E6)은 부록3DB에서 자동 연동됩니다. 미세먼지(PM2.5) 행은 부록3DB에 자료가 없어 노란 칸에 지역 측정소 값을 직접 입력해야 합니다.
B76: ※ 중복계상 주의: 동절기는 (일최고0℃↓ 또는 적설5㎝↑) 결합조건 1개만 선택 권장. 강우는 공종특성에 맞는 임계값 1개만 선택(구조물 5㎜, 관로·토공 10㎜).
B77: ※ 미세먼지(노란셀)는 부록3에 없어 별도 입력합니다. 기본값은 세종 측정소 기준(환경부 2024, PM2.5 '나쁨' 36㎍/㎥↑ 연 19일)을 겨울·봄 집중 배분한 값이며, 다른 연도·지점은 에어코리아·KOSIS 통계로 수정하세요.

Sheet ③1일작업량DB
A1: ③ 1일 작업량 DB (부록4) — ④작업일수산정에서 자동 조회
B2: 부록4: 대표·일반화된 공종/공법, 표준품셈 생산성(1개 작업조 투입) 기준. 현장여건 고려하여 조정 적용.
B3: ※ '키' = 대공정 + 세부공종 (④에서 이 키로 1일작업량을 조회). 부록4에 없는 공종은 ④에서 직접입력.
B5: No | C5: 분야 | D5: 대공정 | E5: 세부공종(키) | F5: 작업조건/산출근거 | G5: 1일작업량 | H5: 단위 | J5: 조회키
B6: 1 | C6: 토목 | D6: 공통가설 | E6: 가설사무실 | F6: - | G6: 0.143 | H6: 개소/일 | J6: =D6&"|"&E6 -> 공통가설|가설사무실
B7: 2 | C7: 토목 | D7: 공통가설 | E7: 가설울타리 | F7: H형강지주 4m 이하 | G7: 30 | H7: m/일 | J7: =D7&"|"&E7 -> 공통가설|가설울타리
B8: 3 | C8: 토목 | D8: 공통가설 | E8: 가설방음벽 | F8: H형강지주 4m 이하 | G8: 30 | H8: m/일 | J8: =D8&"|"&E8 -> 공통가설|가설방음벽
B9: 4 | C9: 토목 | D9: 공통가설 | E9: 구조물 동바리 | F9: 시스템동바리 30m 이하 | G9: 82 | H9: ㎥/일 | J9: =D9&"|"&E9 -> 공통가설|구조물 동바리
B10: 5 | C10: 토목 | D10: 공통가설 | E10: 구조물 비계 | F10: 강관비계 30m 이하 | G10: 102 | H10: ㎡/일 | J10: =D10&"|"&E10 -> 공통가설|구조물 비계
B11: 6 | C11: 토목 | D11: 공통가설 | E11: 가설흙막이(H파일) | F11: 진동파일해머, 근입장20m | G11: 8 | H11: 본/일 | J11: =D11&"|"&E11 -> 공통가설|가설흙막이(H파일)
B12: 7 | C12: 토목 | D12: 공통가설 | E12: 가설흙막이(강널말뚝) | F12: 진동파일해머, 근입장20m | G12: 10 | H12: 본/일 | J12: =D12&"|"&E12 -> 공통가설|가설흙막이(강널말뚝)
B13: 8 | C13: 토목 | D13: 공통가설 | E13: 가설흙막이(워터제트) | F13: 강널말뚝, 근입장20m | G13: 6 | H13: 본/일 | J13: =D13&"|"&E13 -> 공통가설|가설흙막이(워터제트)
B14: 9 | C14: 토목 | D14: 토공 | E14: 기존시설물 깨기 | F14: 아스콘 t=30㎝ 이상 | G14: 54 | H14: ㎥/일 | J14: =D14&"|"&E14 -> 토공|기존시설물 깨기
B15: 10 | C15: 토목 | D15: 토공 | E15: 벌목 | F15: 벌목 8m 이상 | G15: 1375 | H15: ㎡/일 | J15: =D15&"|"&E15 -> 토공|벌목
B16: 11 | C16: 토목 | D16: 토공 | E16: 벌개제근 | F16: - | G16: 1110 | H16: ㎡/일 | J16: =D16&"|"&E16 -> 토공|벌개제근
B17: 12 | C17: 토목 | D17: 토공 | E17: 표토제거 | F17: 답구간 | G17: 1915 | H17: ㎡/일 | J17: =D17&"|"&E17 -> 토공|표토제거
... B169: 164 | C169: 토목 | D169: 부대공 | E169: 수압·수밀시험 | F169: D50~250 | G169: 3 | H169: 개소/일 | J169: =D169&"|"&E169 -> 부대공|수압·수밀시험

Sheet ④작업일수산정
A1: ④ 작업일수 산정 (수량집계 → 1일작업량 → 작업일수) ※ 대공정·단위작업·소단위작업 3단계
B2: 순작업일수 = ROUNDUP( 작업수량 ÷ (적용1일작업량 × 작업조수) ). 출처='부록4'면 1일작업량 자동조회 / '품셈·실적'이면 수동1일작업량 칸에 입력. 소단위작업까지 분할하면 ⑤에서 선행·중첩이 뚜렷해집니다.
B4: No | C4: 대공정 | D4: 단위작업(세부공종) | E4: 소단위작업 | F4: 출처 | G4: 작업수량 | H4: 단위 | I4: 수동1일작업량 (품셈/실적) | J4: 적용1일작업량 | K4: 작업 조수 | L4: 순작업 일수 | M4: 간접 작업일수 | N4: 보정 일수 | O4: 총작업일수 | R4: =⑥공사기간종합!C10 -> 0
C5: 빗물펌프장 | O5: =SUM(O6:O55) -> 527.5
B6: 1 | C6: 토공 | D6: 토사굴착(1.0㎥,지장물) | E6: 기계터파기/보통토사/5m이하 | F6: 부록4 | G6: 8914 | H6: =IF($F6="부록4",IFERROR(INDEX(③1일작업량DB!$H$6:$H$112,MATCH($C6&"|"&$D6,③1일작업량DB!$J$6:$J$112,0)),"-"),"") -> ㎥/일 | J6: =IF($F6="부록4",IFERROR(INDEX(③1일작업량DB!$G$6:$G$112,MATCH($C6&"|"&$D6,③1일작업량DB!$J$6:$J$112,0)),""),$I6) -> 380 | K6: 3 | L6: =IFERROR(IF(AND($G6>0,$J6>0,$K6>0),ROUNDUP($G6/($J6*$K6),1),0),0) -> 7.9 | M6: 0 | N6: 0 | O6: =$L6+$M6+$N6 -> 7.9
B7: =B6+1 -> 2 | C7: 토공 | D7: 토사굴착(1.0㎥,지장물) | E7: 기계터파기/보통토사/5m초과 | F7: 부록4 | G7: 9754 | H7: =IF($F7="부록4",IFERROR(INDEX(③1일작업량DB!$H$6:$H$112,MATCH($C7&"|"&$D7,③1일작업량DB!$J$6:$J$112,0)),"-"),"") -> ㎥/일 | J7: =IF($F7="부록4",IFERROR(INDEX(③1일작업량DB!$G$6:$G$112,MATCH($C7&"|"&$D7,③1일작업량DB!$J$6:$J$112,0)),""),$I7) -> 380 | K7: 3 | L7: =IFERROR(IF(AND($G7>0,$J7>0,$K7>0),ROUNDUP($G7/($J7*$K7),1),0),0) -> 8.6 | M7: 0 | N7: 0 | O7: =$L7+$M7+$N7 -> 8.6
B8: =B7+1 -> 3 | C8: 토공 | D8: 토사굴착(1.0㎥,지장물) | E8: 터파기/보통토사/5m이하 | F8: 부록4 | G8: 173 | H8: =IF($F8="부록4",IFERROR(INDEX(③1일작업량DB!$H$6:$H$112,MATCH($C8&"|"&$D8,③1일작업량DB!$J$6:$J$112,0)),"-"),"") -> ㎥/일 | J8: 514 | K8: 3 | L8: =IFERROR(IF(AND($G8>0,$J8>0,$K8>0),ROUNDUP($G8/($J8*$K8),1),0),0) -> 0.2 | M8: 0 | N8: 0 | O8: =$L8+$M8+$N8 -> 0.2
B9: =B8+1 -> 4 | C9: 토공 | D9: 되메우기 | E9: 되메우기 및 다짐 | F9: 부록4 | G9: =4384+92+2+1 -> 4479 | H9: =IF($F9="부록4",IFERROR(INDEX(③1일작업량DB!$H$6:$H$112,MATCH($C9&"|"&$D9,③1일작업량DB!$J$6:$J$112,0)),"-"),"") -> ㎥/일 | J9: =IF($F9="부록4",IFERROR(INDEX(③1일작업량DB!$G$6:$G$112,MATCH($C9&"|"&$D9,③1일작업량DB!$J$6:$J$112,0)),""),$I9) -> 42 | K9: 3 | L9: =IFERROR(IF(AND($G9>0,$J9>0,$K9>0),ROUNDUP($G9/($J9*$K9),1),0),0) -> 35.6 | M9: 0 | N9: 0 | O9: =$L9+$M9+$N9 -> 35.6
B10: =B9+1 -> 5 | C10: 토공 | D10: 표토제거 | E10: 표토제거/답외구간 | F10: 부록4 | G10: 1894 | H10: =IF($F10="부록4",IFERROR(INDEX(③1일작업량DB!$H$6:$H$112,MATCH($C10&"|"&$D10,③1일작업량DB!$J$6:$J$112,0)),"-"),"") -> ㎡/일 | J10: =IF($F10="부록4",IFERROR(INDEX(③1일작업량DB!$G$6:$G$112,MATCH($C10&"|"&$D10,③1일작업량DB!$J$6:$J$112,0)),""),$I10) -> 1915 | K10: 1 | L10: =IFERROR(IF(AND($G10>0,$J10>0,$K10>0),ROUNDUP($G10/($J10*$K10),1),0),0) -> 1 | M10: 0 | N10: 0 | O10: =$L10+$M10+$N10 -> 1
B11: =B10+1 -> 6 | C11: 기초 | D11: H-Pile 천공 | E11: 빗물펌프장 | F11: 부록4 | G11: 50 | H11: =IF($F11="부록4",IFERROR(INDEX(③1일작업량DB!$H$6:$H$112,MATCH($C11&"|"&$D11,③1일작업량DB!$J$6:$J$112,0)),"-"),"") -> 본/일 | J11: =IF($F11="부록4",IFERROR(INDEX(③1일작업량DB!$G$6:$G$112,MATCH($C11&"|"&$D11,③1일작업량DB!$J$6:$J$112,0)),""),$I11) -> 27 | K11: 3 | L11: =IFERROR(IF(AND($G11>0,$J11>0,$K11>0),ROUNDUP($G11/($J11*$K11),1),0),0) -> 0.7 | M11: 0 | N11: 0 | O11: =$L11+$M11+$N11 -> 0.7
B12: =B11+1 -> 7 | C12: 기초 | D12: 수평지보공(H-Beam)설치 | F12: 부록4 | G12: =56+192+104+38+118+56+18+56 -> 638 | H12: =IF($F12="부록4",IFERROR(INDEX(③1일작업량DB!$H$6:$H$112,MATCH($C12&"|"&$D12,③1일작업량DB!$J$6:$J$112,0)),"-"),"") -> 본/일 | J12: =IF($F12="부록4",IFERROR(INDEX(③1일작업량DB!$G$6:$G$112,MATCH($C12&"|"&$D12,③1일작업량DB!$J$6:$J$112,0)),""),$I12) -> 10 | K12: 3 | L12: =IFERROR(IF(AND($G12>0,$J12>0,$K12>0),ROUNDUP($G12/($J12*$K12),1),0),0) -> 21.3 | M12: 0 | N12: 0 | O12: =$L12+$M12+$N12 -> 21.3
B13: =B12+1 -> 8 | C13: 공통가설 | D13: 가설흙막이(강널말뚝) | E13: 유입관로 | F13: 부록4 | G13: 52 | H13: =IF($F13="부록4",IFERROR(INDEX(③1일작업량DB!$H$6:$H$112,MATCH($C13&"|"&$D13,③1일작업량DB!$J$6:$J$112,0)),"-"),"") -> 본/일 | J13: =IF($F13="부록4",IFERROR(INDEX(③1일작업량DB!$G$6:$G$112,MATCH($C13&"|"&$D13,③1일작업량DB!$J$6:$J$112,0)),""),$I13) -> 10 | K13: 3 | L13: =IFERROR(IF(AND($G13>0,$J13>0,$K13>0),ROUNDUP($G13/($J13*$K13),1),0),0) -> 1.8 | M13: 0 | N13: 0 | O13: =$L13+$M13+$N13 -> 1.8
B14: =B13+1 -> 9 | C14: 기초 | D14: 수평지보공(H-Beam)설치 | F14: 부록4 | G14: =8+5+1 -> 14 | H14: =IF($F14="부록4",IFERROR(INDEX(③1일작업량DB!$H$6:$H$112,MATCH($C14&"|"&$D14,③1일작업량DB!$J$6:$J$112,0)),"-"),"") -> 본/일 | J14: =IF($F14="부록4",IFERROR(INDEX(③1일작업량DB!$G$6:$G$112,MATCH($C14&"|"&$D14,③1일작업량DB!$J$6:$J$112,0)),""),$I14) -> 10 | K14: 3 | L14: =IFERROR(IF(AND($G14>0,$J14>0,$K14>0),ROUNDUP($G14/($J14*$K14),1),0),0) -> 0.5 | M14: 0 | N14: 0 | O14: =$L14+$M14+$N14 -> 0.5
B15: =B14+1 -> 10 | C15: 공통가설 | D15: 가설흙막이(강널말뚝) | E15: 추진구 | F15: 부록4 | G15: 92 | H15: =IF($F15="부록4",IFERROR(INDEX(③1일작업량DB!$H$6:$H$112,MATCH($C15&"|"&$D15,③1일작업량DB!$J$6:$J$112,0)),"-"),"") -> 본/일 | J15: =IF($F15="부록4",IFERROR(INDEX(③1일작업량DB!$G$6:$G$112,MATCH($C15&"|"&$D15,③1일작업량DB!$J$6:$J$112,0)),""),$I15) -> 10 | K15: 3 | L15: =IFERROR(IF(AND($G15>0,$J15>0,$K15>0),ROUNDUP($G15/($J15*$K15),1),0),0) -> 3.1 | M15: 0 | N15: 0 | O15: =$L15+$M15+$N15 -> 3.1
B16: =B15+1 -> 11 | C16: 기초 | D16: 수평지보공(H-Beam)설치 | F16: 부록4 | G16: =4+16 -> 20 | H16: =IF($F16="부록4",IFERROR(INDEX(③1일작업량DB!$H$6:$H$112,MATCH($C16&"|"&$D16,③1일작업량DB!$J$6:$J$112,0)),"-"),"") -> 본/일 | J16: =IF($F16="부록4",IFERROR(INDEX(③1일작업량DB!$G$6:$G$112,MATCH($C16&"|"&$D16,③1일작업량DB!$J$6:$J$112,0)),""),$I16) -> 10 | K16: 3 | L16: =IFERROR(IF(AND($G16>0,$J16>0,$K16>0),ROUNDUP($G16/($J16*$K16),1),0),0) -> 0.7 | M16: 0 | N16: 0 | O16: =$L16+$M16+$N16 -> 0.7
B17: =B16+1 -> 12 | C17: 철근콘크리트 | D17: 콘크리트타설(철근,f1-Ⅱ) | E17: 빗물펌프장 | F17: 부록4 | G17: 4513 | H17: =IF($F17="부록4",IFERROR(INDEX(③1일작업량DB!$H$6:$H$112,MATCH($C17&"|"&$D17,③1일작업량DB!$J$6:$J$112,0)),"-"),"") -> ㎥/일 | J17: =IF($F17="부록4",IFERROR(INDEX(③1일작업량DB!$G$6:$G$112,MATCH($C17&"|"&$D17,③1일작업량DB!$J$6:$J$112,0)),""),$I17) -> 130 | K17: 3 | L17: =IFERROR(IF(AND($G17>0,$J17>0,$K17>0),ROUNDUP($G17/($J17*$K17),1),0),0) -> 11.6 | M17: 3 | N17: 2 | O17: =$L17+$M17+$N17 -> 16.6
B18: =B17+1 -> 13 | C18: 철근콘크리트 | D18: 콘크리트타설(무근,f1-Ⅰ) | F18: 부록4 | G18: 662 | H18: =IF($F18="부록4",IFERROR(INDEX(③1일작업량DB!$H$6:$H$112,MATCH($C18&"|"&$D18,③1일작업량DB!$J$6:$J$112,0)),"-"),"") -> ㎥/일 | J18: =IF($F18="부록4",IFERROR(INDEX(③1일작업량DB!$G$6:$G$112,MATCH($C18&"|"&$D18,③1일작업량DB!$J$6:$J$112,0)),""),$I18) -> 189 | K18: 3 | L18: =IFERROR(IF(AND($G18>0,$J18>0,$K18>0),ROUNDUP($G18/($J18*$K18),1),0),0) -> 1.2 | M18: 1 | N18: 0 | O18: =$L18+$M18+$N18 -> 2.2
B19: =B18+1 -> 14 | C19: 철근콘크리트 | D19: 유로폼 설치(보통) | F19: 부록4 | G19: =3619+350 -> 3969 | H19: =IF($F19="부록4",IFERROR(INDEX(③1일작업량DB!$H$6:$H$112,MATCH($C19&"|"&$D19,③1일작업량DB!$J$6:$J$112,0)),"-"),"") -> ㎡/일 | J19: =IF($F19="부록4",IFERROR(INDEX(③1일작업량DB!$G$6:$G$112,MATCH($C19&"|"&$D19,③1일작업량DB!$J$6:$J$112,0)),""),$I19) -> 50 | K19: 3 | L19: =IFERROR(IF(AND($G19>0,$J19>0,$K19>0),ROUNDUP($G19/($J19*$K19),1),0),0) -> 26.5 | M19: 0 | N19: 0 | O19: =$L19+$M19+$N19 -> 26.5
B20: =B19+1 -> 15 | C20: 철근콘크리트 | D20: 합판거푸집 설치(보통) | F20: 부록4 | G20: =1105+109 -> 1214 | H20: =IF($F20="부록4",IFERROR(INDEX(③1일작업량DB!$H$6:$H$112,MATCH($C20&"|"&$D20,③1일작업량DB!$J$6:$J$112,0)),"-"),"") -> ㎡/일 | J20: =IF($F20="부록4",IFERROR(INDEX(③1일작업량DB!$G$6:$G$112,MATCH($C20&"|"&$D20,③1일작업량DB!$J$6:$J$112,0)),""),$I20) -> 60 | K20: 3 | L20: =IFERROR(IF(AND($G20>0,$J20>0,$K20>0),ROUNDUP($G20/($J20*$K20),1),0),0) -> 6.8 | M20: 3 | N20: 0 | O20: =$L20+$M20+$N20 -> 9.8
B21: =B20+1 -> 16 | C21: 철근콘크리트 | D21: 합판거푸집 설치(복잡) | F21: 부록4 | G21: 871 | H21: =IF($F21="부록4",IFERROR(INDEX(③1일작업량DB!$H$6:$H$112,MATCH($C21&"|"&$D21,③1일작업량DB!$J$6:$J$112,0)),"-"),"") -> ㎡/일 | J21: =IF($F21="부록4",IFERROR(INDEX(③1일작업량DB!$G$6:$G$112,MATCH($C21&"|"&$D21,③1일작업량DB!$J$6:$J$112,0)),""),$I21) -> 40 | K21: 3 | L21: =IFERROR(IF(AND($G21>0,$J21>0,$K21>0),ROUNDUP($G21/($J21*$K21),1),0),0) -> 7.3 | M21: 0 | N21: 0 | O21: =$L21+$M21+$N21 -> 7.3
B22: =B21+1 -> 17 | C22: 가설 | D22: 시스템비계 | F22: 부록4 | G22: 4463 | H22: =IF($F22="부록4",IFERROR(INDEX(③1일작업량DB!$H$6:$H$112,MATCH($C22&"|"&$D22,③1일작업량DB!$J$6:$J$112,0)),"-"),"") -> ㎡/일 | J22: =IF($F22="부록4",IFERROR(INDEX(③1일작업량DB!$G$6:$G$112,MATCH($C22&"|"&$D22,③1일작업량DB!$J$6:$J$112,0)),""),$I22) -> 100 | K22: 3 | L22: =IFERROR(IF(AND($G22>0,$J22>0,$K22>0),ROUNDUP($G22/($J22*$K22),1),0),0) -> 14.9 | M22: 0 | N22: 0 | O22: =$L22+$M22+$N22 -> 14.9
B23: =B22+1 -> 18 | C23: 철근콘크리트 | D23: 시스템동바리 | F23: 부록4 | G23: 8639 | H23: =IF($F23="부록4",IFERROR(INDEX(③1일작업량DB!$H$6:$H$112,MATCH($C23&"|"&$D23,③1일작업량DB!$J$6:$J$112,0)),"-"),"") -> ㎥/일 | J23: =IF($F23="부록4",IFERROR(INDEX(③1일작업량DB!$G$6:$G$112,MATCH($C23&"|"&$D23,③1일작업량DB!$J$6:$J$112,0)),""),$I23) -> 69 | K23: 3 | L23: =IFERROR(IF(AND($G23>0,$J23>0,$K23>0),ROUNDUP($G23/($J23*$K23),1),0),0) -> 41.8 | M23: 0 | N23: 0 | O23: =$L23+$M23+$N23 -> 41.8
B24: =B23+1 -> 19 | C24: 철근콘크리트 | D24: 철근가공 | F24: 부록4 | G24: 1654.892 | H24: =IF($F24="부록4",IFERROR(INDEX(③1일작업량DB!$H$6:$H$112,MATCH($C24&"|"&$D24,③1일작업량DB!$J$6:$J$112,0)),"-"),"") -> ton/일 | J24: =IF($F24="부록4",IFERROR(INDEX(③1일작업량DB!$G$6:$G$112,MATCH($C24&"|"&$D24,③1일작업량DB!$J$6:$J$112,0)),""),$I24) -> 4 | K24: 4 | L24: =IFERROR(IF(AND($G24>0,$J24>0,$K24>0),ROUNDUP($G24/($J24*$K24),1),0),0) -> 103.5 | M24: 0 | N24: 0 | O24: =$L24+$M24+$N24 -> 103.5
B25: =B24+1 -> 20 | C25: 철근콘크리트 | D25: 콘크리트타설(철근,f1-Ⅱ) | E25: 유입관로 | F25: 부록4 | G25: 132 | H25: =IF($F25="부록4",IFERROR(INDEX(③1일작업량DB!$H$6:$H$112,MATCH($C25&"|"&$D25,③1일작업량DB!$J$6:$J$112,0)),"-"),"") -> ㎥/일 | J25: =IF($F25="부록4",IFERROR(INDEX(③1일작업량DB!$G$6:$G$112,MATCH($C25&"|"&$D25,③1일작업량DB!$J$6:$J$112,0)),""),$I25) -> 130 | K25: 1 | L25: =IFERROR(IF(AND($G25>0,$J25>0,$K25>0),ROUNDUP($G25/($J25*$K25),1),0),0) -> 1.1 | M25: 3 | N25: 2 | O25: =$L25+$M25+$N25 -> 6.1
B26: =B25+1 -> 21 | C26: 철근콘크리트 | D26: 콘크리트타설(무근,f1-Ⅰ) | F26: 부록4 | G26: 7 | H26: =IF($F26="부록4",IFERROR(INDEX(③1일작업량DB!$H$6:$H$112,MATCH($C26&"|"&$D26,③1일작업량DB!$J$6:$J$112,0)),"-"),"") -> ㎥/일 | J26: =IF($F26="부록4",IFERROR(INDEX(③1일작업량DB!$G$6:$G$112,MATCH($C26&"|"&$D26,③1일작업량DB!$J$6:$J$112,0)),""),$I26) -> 189 | K26: 1 | L26: =IFERROR(IF(AND($G26>0,$J26>0,$K26>0),ROUNDUP($G26/($J26*$K26),1),0),0) -> 0.1 | M26: 1 | N26: 0 | O26: =$L26+$M26+$N26 -> 1.1
B27: =B26+1 -> 22 | C27: 철근콘크리트 | D27: 유로폼 설치(보통) | F27: 부록4 | G27: 104 | H27: =IF($F27="부록4",IFERROR(INDEX(③1일작업량DB!$H$6:$H$112,MATCH($C27&"|"&$D27,③1일작업량DB!$J$6:$J$112,0)),"-"),"") -> ㎡/일 | J27: =IF($F27="부록4",IFERROR(INDEX(③1일작업량DB!$G$6:$G$112,MATCH($C27&"|"&$D27,③1일작업량DB!$J$6:$J$112,0)),""),$I27) -> 50 | K27: 1 | L27: =IFERROR(IF(AND($G27>0,$J27>0,$K27>0),ROUNDUP($G27/($J27*$K27),1),0),0) -> 2.1 | M27: 0 | N27: 0 | O27: =$L27+$M27+$N27 -> 2.1
B28: =B27+1 -> 23 | C28: 철근콘크리트 | D28: 합판거푸집 설치(보통) | F28: 부록4 | G28: 42 | H28: =IF($F28="부록4",IFERROR(INDEX(③1일작업량DB!$H$6:$H$112,MATCH($C28&"|"&$D28,③1일작업량DB!$J$6:$J$112,0)),"-"),"") -> ㎡/일 | J28: =IF($F28="부록4",IFERROR(INDEX(③1일작업량DB!$G$6:$G$112,MATCH($C28&"|"&$D28,③1일작업량DB!$J$6:$J$112,0)),""),$I28) -> 60 | K28: 1 | L28: =IFERROR(IF(AND($G28>0,$J28>0,$K28>0),ROUNDUP($G28/($J28*$K28),1),0),0) -> 0.7 | M28: 3 | N28: 0 | O28: =$L28+$M28+$N28 -> 3.7
B29: =B28+1 -> 24 | C29: 철근콘크리트 | D29: 합판거푸집 설치(복잡) | F29: 부록4 | G29: 56 | H29: =IF($F29="부록4",IFERROR(INDEX(③1일작업량DB!$H$6:$H$112,MATCH($C29&"|"&$D29,③1일작업량DB!$J$6:$J$112,0)),"-"),"") -> ㎡/일 | J29: =IF($F29="부록4",IFERROR(INDEX(③1일작업량DB!$G$6:$G$112,MATCH($C29&"|"&$D29,③1일작업량DB!$J$6:$J$112,0)),""),$I29) -> 40 | K29: 1 | L29: =IFERROR(IF(AND($G29>0,$J29>0,$K29>0),ROUNDUP($G29/($J29*$K29),1),0),0) -> 1.4 | M29: 0 | N29: 0 | O29: =$L29+$M29+$N29 -> 1.4
B30: =B29+1 -> 25 | C30: 가설 | D30: 시스템비계 | F30: 부록4 | G30: 73 | H30: =IF($F30="부록4",IFERROR(INDEX(③1일작업량DB!$H$6:$H$112,MATCH($C30&"|"&$D30,③1일작업량DB!$J$6:$J$112,0)),"-"),"") -> ㎡/일 | J30: =IF($F30="부록4",IFERROR(INDEX(③1일작업량DB!$G$6:$G$112,MATCH($C30&"|"&$D30,③1일작업량DB!$J$6:$J$112,0)),""),$I30) -> 100 | K30: 1 | L30: =IFERROR(IF(AND($G30>0,$J30>0,$K30>0),ROUNDUP($G30/($J30*$K30),1),0),0) -> 0.8 | M30: 0 | N30: 0 | O30: =$L30+$M30+$N30 -> 0.8
B31: =B30+1 -> 26 | C31: 철근콘크리트 | D31: 시스템동바리 | F31: 부록4 | G31: 105 | H31: =IF($F31="부록4",IFERROR(INDEX(③1일작업량DB!$H$6:$H$112,MATCH($C31&"|"&$D31,③1일작업량DB!$J$6:$J$112,0)),"-"),"") -> ㎥/일 | J31: =IF($F31="부록4",IFERROR(INDEX(③1일작업량DB!$G$6:$G$112,MATCH($C31&"|"&$D31,③1일작업량DB!$J$6:$J$112,0)),""),$I31) -> 69 | K31: 1 | L31: =IFERROR(IF(AND($G31>0,$J31>0,$K31>0),ROUNDUP($G31/($J31*$K31),1),0),0) -> 1.6 | M31: 0 | N31: 0 | O31: =$L31+$M31+$N31 -> 1.6
B32: =B31+1 -> 27 | C32: 철근콘크리트 | D32: 철근가공 | F32: 부록4 | G32: 9.053 | H32: =IF($F32="부록4",IFERROR(INDEX(③1일작업량DB!$H$6:$H$112,MATCH($C32&"|"&$D32,③1일작업량DB!$J$6:$J$112,0)),"-"),"") -> ton/일 | J32: =IF($F32="부록4",IFERROR(INDEX(③1일작업량DB!$G$6:$G$112,MATCH($C32&"|"&$D32,③1일작업량DB!$J$6:$J$112,0)),""),$I32) -> 4 | K32: 1 | L32: =IFERROR(IF(AND($G32>0,$J32>0,$K32>0),ROUNDUP($G32/($J32*$K32),1),0),0) -> 2.3 | M32: 0 | N32: 0 | O32: =$L32+$M32+$N32 -> 2.3
B33: =B32+1 -> 28 | C33: 철근콘크리트 | D33: 콘크리트타설(철근,f1-Ⅱ) | E33: 날개벽 | F33: 부록4 | G33: 121 | H33: =IF($F33="부록4",IFERROR(INDEX(③1일작업량DB!$H$6:$H$112,MATCH($C33&"|"&$D33,③1일작업량DB!$J$6:$J$112,0)),"-"),"") -> ㎥/일 | J33: =IF($F33="부록4",IFERROR(INDEX(③1일작업량DB!$G$6:$G$112,MATCH($C33&"|"&$D33,③1일작업량DB!$J$6:$J$112,0)),""),$I33) -> 130 | K33: 1 | L33: =IFERROR(IF(AND($G33>0,$J33>0,$K33>0),ROUNDUP($G33/($J33*$K33),1),0),0) -> 1 | M33: 3 | N33: 2 | O33: =$L33+$M33+$N33 -> 6
B34: =B33+1 -> 29 | C34: 철근콘크리트 | D34: 콘크리트타설(무근,f1-Ⅰ) | F34: 부록4 | G34: 9 | H34: =IF($F34="부록4",IFERROR(INDEX(③1일작업량DB!$H$6:$H$112,MATCH($C34&"|"&$D34,③1일작업량DB!$J$6:$J$112,0)),"-"),"") -> ㎥/일 | J34: =IF($F34="부록4",IFERROR(INDEX(③1일작업량DB!$G$6:$G$112,MATCH($C34&"|"&$D34,③1일작업량DB!$J$6:$J$112,0)),""),$I34) -> 189 | K34: 1 | L34: =IFERROR(IF(AND($G34>0,$J34>0,$K34>0),ROUNDUP($G34/($J34*$K34),1),0),0) -> 0.1 | M34: 1 | N34: 0 | O34: =$L34+$M34+$N34 -> 1.1
B35: =B34+1 -> 30 | C35: 토공 | D35: 기초지정 | F35: 부록4 | G35: 43 | H35: =IF($F35="부록4",IFERROR(INDEX(③1일작업량DB!$H$6:$H$112,MATCH($C35&"|"&$D35,③1일작업량DB!$J$6:$J$112,0)),"-"),"") -> ㎥/일 | J35: =IF($F35="부록4",IFERROR(INDEX(③1일작업량DB!$G$6:$G$112,MATCH($C35&"|"&$D35,③1일작업량DB!$J$6:$J$112,0)),""),$I35) -> 65 | K35: 1 | L35: =IFERROR(IF(AND($G35>0,$J35>0,$K35>0),ROUNDUP($G35/($J35*$K35),1),0),0) -> 0.7 | M35: 0 | N35: 0 | O35: =$L35+$M35+$N35 -> 0.7
B36: =B35+1 -> 31 | C36: 철근콘크리트 | D36: 유로폼 설치(보통) | F36: 부록4 | G36: 174 | H36: =IF($F36="부록4",IFERROR(INDEX(③1일작업량DB!$H$6:$H$112,MATCH($C36&"|"&$D36,③1일작업량DB!$J$6:$J$112,0)),"-"),"") -> ㎡/일 | J36: =IF($F36="부록4",IFERROR(INDEX(③1일작업량DB!$G$6:$G$112,MATCH($C36&"|"&$D36,③1일작업량DB!$J$6:$J$112,0)),""),$I36) -> 50 | K36: 1 | L36: =IFERROR(IF(AND($G36>0,$J36>0,$K36>0),ROUNDUP($G36/($J36*$K36),1),0),0) -> 3.5 | M36: 0 | N36: 0 | O36: =$L36+$M36+$N36 -> 3.5
B37: =B36+1 -> 32 | C37: 철근콘크리트 | D37: 합판거푸집 설치(보통) | F37: 부록4 | G37: 3 | H37: =IF($F37="부록4",IFERROR(INDEX(③1일작업량DB!$H$6:$H$112,MATCH($C37&"|"&$D37,③1일작업량DB!$J$6:$J$112,0)),"-"),"") -> ㎡/일 | J37: =IF($F37="부록4",IFERROR(INDEX(③1일작업량DB!$G$6:$G$112,MATCH($C37&"|"&$D37,③1일작업량DB!$J$6:$J$112,0)),""),$I37) -> 60 | K37: 1 | L37: =IFERROR(IF(AND($G37>0,$J37>0,$K37>0),ROUNDUP($G37/($J37*$K37),1),0),0) -> 0.1 | M37: 0 | N37: 0 | O37: =$L37+$M37+$N37 -> 0.1
B38: =B37+1 -> 33 | C38: 철근콘크리트 | D38: 합판거푸집 설치(복잡) | F38: 부록4 | G38: 15 | H38: =IF($F38="부록4",IFERROR(INDEX(③1일작업량DB!$H$6:$H$112,MATCH($C38&"|"&$D38,③1일작업량DB!$J$6:$J$112,0)),"-"),"") -> ㎡/일 | J38: =IF($F38="부록4",IFERROR(INDEX(③1일작업량DB!$G$6:$G$112,MATCH($C38&"|"&$D38,③1일작업량DB!$J$6:$J$112,0)),""),$I38) -> 40 | K38: 1 | L38: =IFERROR(IF(AND($G38>0,$J38>0,$K38>0),ROUNDUP($G38/($J38*$K38),1),0),0) -> 0.4 | M38: 0 | N38: 0 | O38: =$L38+$M38+$N38 -> 0.4
B39: =B38+1 -> 34 | C39: 가설 | D39: 시스템비계 | F39: 부록4 | G39: 185 | H39: =IF($F39="부록4",IFERROR(INDEX(③1일작업량DB!$H$6:$H$112,MATCH($C39&"|"&$D39,③1일작업량DB!$J$6:$J$112,0)),"-"),"") -> ㎡/일 | J39: =IF($F39="부록4",IFERROR(INDEX(③1일작업량DB!$G$6:$G$112,MATCH($C39&"|"&$D39,③1일작업량DB!$J$6:$J$112,0)),""),$I39) -> 100 | K39: 1 | L39: =IFERROR(IF(AND($G39>0,$J39>0,$K39>0),ROUNDUP($G39/($J39*$K39),1),0),0) -> 1.9 | M39: 0 | N39: 0 | O39: =$L39+$M39+$N39 -> 1.9
B40: =B39+1 -> 35 | C40: 포장 | D40: 아스팔트 기층(5~7㎝) | E40: 빗물펌프장 | F40: 부록4 | G40: 289 | H40: ㎥/일 | J40: 4800 | K40: 1 | L40: =IFERROR(IF(AND($G40>0,$J40>0,$K40>0),ROUNDUP($G40/($J40*$K40),1),0),0) -> 0.1 | M40: 0 | N40: 0 | O40: =$L40+$M40+$N40 -> 0.1
B41: =B40+1 -> 36 | C41: 포장 | D41: 아스팔트 기층(8~10㎝) | F41: 부록4 | G41: 289 | H41: ㎥/일 | J41: 4800 | K41: 1 | L41: =IFERROR(IF(AND($G41>0,$J41>0,$K41>0),ROUNDUP($G41/($J41*$K41),1),0),0) -> 0.1 | M41: 0 | N41: 0 | O41: =$L41+$M41+$N41 -> 0.1
B42: =B41+1 -> 37 | C42: 기타 | D42: 텍코팅 | F42: 부록4 | G42: 289 | H42: ㎥/일 | J42: 20000 | K42: 1 | L42: =IFERROR(IF(AND($G42>0,$J42>0,$K42>0),ROUNDUP($G42/($J42*$K42),1),0),0) -> 0.1 | M42: 0 | N42: 0 | O42: =$L42+$M42+$N42 -> 0.1
B43: =B42+1 -> 38 | C43: 기타 | D43: 프라임코팅 | F43: 부록4 | G43: 289 | H43: ㎥/일 | J43: 20000 | K43: 1 | L43: =IFERROR(IF(AND($G43>0,$J43>0,$K43>0),ROUNDUP($G43/($J43*$K43),1),0),0) -> 0.1 | M43: 0 | N43: 0 | O43: =$L43+$M43+$N43 -> 0.1
B44: =B43+1 -> 39 | C44: 포장 | D44: 아스팔트 보조기층 | F44: 부록4 | G44: 116 | H44: =IF($F44="부록4",IFERROR(INDEX(③1일작업량DB!$H$6:$H$112,MATCH($C44&"|"&$D44,③1일작업량DB!$J$6:$J$112,0)),"-"),"") -> ㎥/일 | J44: =IF($F44="부록4",IFERROR(INDEX(③1일작업량DB!$G$6:$G$112,MATCH($C44&"|"&$D44,③1일작업량DB!$J$6:$J$112,0)),""),$I44) -> 550 | K44: 1 | L44: =IFERROR(IF(AND($G44>0,$J44>0,$K44>0),ROUNDUP($G44/($J44*$K44),1),0),0) -> 0.3 | M44: 0 | N44: 0 | O44: =$L44+$M44+$N44 -> 0.3
B45: =B44+1 -> 40 | C45: 토공 | D45: 기존시설물 깨기 | F45: 부록4 | G45: 34 | H45: =IF($F45="부록4",IFERROR(INDEX(③1일작업량DB!$H$6:$H$112,MATCH($C45&"|"&$D45,③1일작업량DB!$J$6:$J$112,0)),"-"),"") -> ㎥/일 | J45: =IF($F45="부록4",IFERROR(INDEX(③1일작업량DB!$G$6:$G$112,MATCH($C45&"|"&$D45,③1일작업량DB!$J$6:$J$112,0)),""),$I45) -> 54 | K45: 1 | L45: =IFERROR(IF(AND($G45>0,$J45>0,$K45>0),ROUNDUP($G45/($J45*$K45),1),0),0) -> 0.7 | M45: 0 | N45: 0 | O45: =$L45+$M45+$N45 -> 0.7
B46: =B45+1 -> 41 | C46: 포장 | D46: 콘크리트표층(1차로) | F46: 부록4 | G46: 223 | H46: =IF($F46="부록4",IFERROR(INDEX(③1일작업량DB!$H$6:$H$112,MATCH($C46&"|"&$D46,③1일작업량DB!$J$6:$J$112,0)),"-"),"") -> ㎥/일 | J46: =IF($F46="부록4",IFERROR(INDEX(③1일작업량DB!$G$6:$G$112,MATCH($C46&"|"&$D46,③1일작업량DB!$J$6:$J$112,0)),""),$I46) -> 300 | K46: 1 | L46: =IFERROR(IF(AND($G46>0,$J46>0,$K46>0),ROUNDUP($G46/($J46*$K46),1),0),0) -> 0.8 | M46: 0 | N46: 0 | O46: =$L46+$M46+$N46 -> 0.8
B47: =B46+1 -> 42 | C47: 포장 | D47: 아스팔트 보조기층 | F47: 부록4 | G47: 45 | H47: =IF($F47="부록4",IFERROR(INDEX(③1일작업량DB!$H$6:$H$112,MATCH($C47&"|"&$D47,③1일작업량DB!$J$6:$J$112,0)),"-"),"") -> ㎥/일 | J47: =IF($F47="부록4",IFERROR(INDEX(③1일작업량DB!$G$6:$G$112,MATCH($C47&"|"&$D47,③1일작업량DB!$J$6:$J$112,0)),""),$I47) -> 550 | K47: 1 | L47: =IFERROR(IF(AND($G47>0,$J47>0,$K47>0),ROUNDUP($G47/($J47*$K47),1),0),0) -> 0.1 | M47: 0 | N47: 0 | O47: =$L47+$M47+$N47 -> 0.1
B48: =B47+1 -> 43 | C48: 배수공 | D48: 옹벽(보강토) | F48: 부록4 | G48: =124+45 -> 169 | H48: =IF($F48="부록4",IFERROR(INDEX(③1일작업량DB!$H$6:$H$112,MATCH($C48&"|"&$D48,③1일작업량DB!$J$6:$J$112,0)),"-"),"") -> ㎡/일 | J48: =IF($F48="부록4",IFERROR(INDEX(③1일작업량DB!$G$6:$G$112,MATCH($C48&"|"&$D48,③1일작업량DB!$J$6:$J$112,0)),""),$I48) -> 14 | K48: 2 | L48: =IFERROR(IF(AND($G48>0,$J48>0,$K48>0),ROUNDUP($G48/($J48*$K48),1),0),0) -> 6.1 | M48: 0 | N48: 0 | O48: =$L48+$M48+$N48 -> 6.1
B49: =B48+1 -> 44 | C49: 기초 | D49: H-Beam 철거 | E49: 빗물펌프장 | F49: 부록4 | G49: =4+175+9+9+63 -> 260 | H49: =IF($F49="부록4",IFERROR(INDEX(③1일작업량DB!$H$6:$H$112,MATCH($C49&"|"&$D49,③1일작업량DB!$J$6:$J$112,0)),"-"),"") -> 본/일 | J49: =IF($F49="부록4",IFERROR(INDEX(③1일작업량DB!$G$6:$G$112,MATCH($C49&"|"&$D49,③1일작업량DB!$J$6:$J$112,0)),""),$I49) -> 15 | K49: 2 | L49: =IFERROR(IF(AND($G49>0,$J49>0,$K49>0),ROUNDUP($G49/($J49*$K49),1),0),0) -> 8.7 | M49: 0 | N49: 0 | O49: =$L49+$M49+$N49 -> 8.7
B50: =B49+1 -> 45 | C50: 기초 | D50: 강관말뚝 두부정리 | F50: 부록4 | G50: 260 | H50: =IF($F50="부록4",IFERROR(INDEX(③1일작업량DB!$H$6:$H$112,MATCH($C50&"|"&$D50,③1일작업량DB!$J$6:$J$112,0)),"-"),"") -> 본/일 | J50: =IF($F50="부록4",IFERROR(INDEX(③1일작업량DB!$G$6:$G$112,MATCH($C50&"|"&$D50,③1일작업량DB!$J$6:$J$112,0)),""),$I50) -> 21 | K50: 2 | L50: =IFERROR(IF(AND($G50>0,$J50>0,$K50>0),ROUNDUP($G50/($J50*$K50),1),0),0) -> 6.2 | M50: 0 | N50: 0 | O50: =$L50+$M50+$N50 -> 6.2
B51: =B50+1 -> 46 | C51: 기초 | D51: H-Beam 철거 | E51: 날개벽 | F51: 부록4 | G51: 12 | H51: =IF($F51="부록4",IFERROR(INDEX(③1일작업량DB!$H$6:$H$112,MATCH($C51&"|"&$D51,③1일작업량DB!$J$6:$J$112,0)),"-"),"") -> 본/일 | J51: =IF($F51="부록4",IFERROR(INDEX(③1일작업량DB!$G$6:$G$112,MATCH($C51&"|"&$D51,③1일작업량DB!$J$6:$J$112,0)),""),$I51) -> 15 | K51: 1 | L51: =IFERROR(IF(AND($G51>0,$J51>0,$K51>0),ROUNDUP($G51/($J51*$K51),1),0),0) -> 0.8 | M51: 0 | N51: 0 | O51: =$L51+$M51+$N51 -> 0.8
B52: =B51+1 -> 47 | C52: 기초 | D52: 강관말뚝 두부정리 | F52: 부록4 | G52: 12 | H52: =IF($F52="부록4",IFERROR(INDEX(③1일작업량DB!$H$6:$H$112,MATCH($C52&"|"&$D52,③1일작업량DB!$J$6:$J$112,0)),"-"),"") -> 본/일 | J52: =IF($F52="부록4",IFERROR(INDEX(③1일작업량DB!$G$6:$G$112,MATCH($C52&"|"&$D52,③1일작업량DB!$J$6:$J$112,0)),""),$I52) -> 21 | K52: 1 | L52: =IFERROR(IF(AND($G52>0,$J52>0,$K52>0),ROUNDUP($G52/($J52*$K52),1),0),0) -> 0.6 | M52: 0 | N52: 0 | O52: =$L52+$M52+$N52 -> 0.6
B53: =B52+1 -> 48 | C53: 추진 | D53: 강관추진작업편성장비 | E53: 추진구 | G53: 69 | H53: 일 | J53: 1 | K53: 1 | L53: =IFERROR(IF(AND($G53>0,$J53>0,$K53>0),ROUNDUP($G53/($J53*$K53),1),0),0) -> 69 | M53: 0 | N53: 0 | O53: =$L53+$M53+$N53 -> 69
B54: =B53+1 -> 49 | C54: 공통가설 | D54: 가설사무실 | F54: 부록4 | G54: 4 | H54: =IF($F54="부록4",IFERROR(INDEX(③1일작업량DB!$H$6:$H$112,MATCH($C54&"|"&$D54,③1일작업량DB!$J$6:$J$112,0)),"-"),"") -> 개소/일 | J54: =IF($F54="부록4",IFERROR(INDEX(③1일작업량DB!$G$6:$G$112,MATCH($C54&"|"&$D54,③1일작업량DB!$J$6:$J$112,0)),""),$I54) -> 0.143 | K54: 4 | L54: =IFERROR(IF(AND($G54>0,$J54>0,$K54>0),ROUNDUP($G54/($J54*$K54),1),0),0) -> 7 | M54: 0 | N54: 0 | O54: =$L54+$M54+$N54 -> 7
B55: =B54+1 -> 50 | C55: 기타 | D55: 시운전 | G55: 90 | H55: 일 | J55: 1 | K55: 1 | L55: =IFERROR(IF(AND($G55>0,$J55>0,$K55>0),ROUNDUP($G55/($J55*$K55),1),0),0) -> 90 | M55: 0 | N55: 0 | O55: =$L55+$M55+$N55 -> 90
C56: 오수이설관로 | O56: =SUM(O57:O63) -> 8.7
B57: =B55+1 -> 51 | C57: 토공 | D57: 토사굴착(1.0㎥,지장물) | E57: 터파기/보통토사/5m이하 | F57: 부록4 | G57: 380 | H57: =IF($F57="부록4",IFERROR(INDEX(③1일작업량DB!$H$6:$H$112,MATCH($C57&"|"&$D57,③1일작업량DB!$J$6:$J$112,0)),"-"),"") -> ㎥/일 | J57: 514 | K57: 1 | L57: =IFERROR(IF(AND($G57>0,$J57>0,$K57>0),ROUNDUP($G57/($J57*$K57),1),0),0) -> 0.8 | M57: 1 | N57: 0 | O57: =$L57+$M57+$N57 -> 1.8
B58: =B57+1 -> 52 | C58: 토공 | D58: 되메우기 | E58: 되메우기 및 다짐 | F58: 부록4 | G58: 223 | H58: =IF($F58="부록4",IFERROR(INDEX(③1일작업량DB!$H$6:$H$112,MATCH($C58&"|"&$D58,③1일작업량DB!$J$6:$J$112,0)),"-"),"") -> ㎥/일 | J58: =IF($F58="부록4",IFERROR(INDEX(③1일작업량DB!$G$6:$G$112,MATCH($C58&"|"&$D58,③1일작업량DB!$J$6:$J$112,0)),""),$I58) -> 42 | K58: 1 | L58: =IFERROR(IF(AND($G58>0,$J58>0,$K58>0),ROUNDUP($G58/($J58*$K58),1),0),0) -> 5.4 | M58: 1 | N58: 0 | O58: =$L58+$M58+$N58 -> 6.4
B59: =B58+1 -> 53 | C59: 포장 | D59: 아스팔트 기층(5~7㎝) | E59: 포장 | F59: 부록4 | G59: 82 | H59: ㎥/일 | J59: 4800 | K59: 1 | L59: =IFERROR(IF(AND($G59>0,$J59>0,$K59>0),ROUNDUP($G59/($J59*$K59),1),0),0) -> 0.1 | M59: 0 | N59: 0 | O59: =$L59+$M59+$N59 -> 0.1
B60: =B59+1 -> 54 | C60: 포장 | D60: 아스팔트 기층(8~10㎝) | F60: 부록4 | G60: 82 | H60: ㎥/일 | J60: 4800 | K60: 1 | L60: =IFERROR(IF(AND($G60>0,$J60>0,$K60>0),ROUNDUP($G60/($J60*$K60),1),0),0) -> 0.1 | M60: 0 | N60: 0 | O60: =$L60+$M60+$N60 -> 0.1
B61: =B60+1 -> 55 | C61: 기타 | D61: 텍코팅 | F61: 부록4 | G61: 41 | H61: ㎥/일 | J61: 20000 | K61: 1 | L61: =IFERROR(IF(AND($G61>0,$J61>0,$K61>0),ROUNDUP($G61/($J61*$K61),1),0),0) -> 0.1 | M61: 0 | N61: 0 | O61: =$L61+$M61+$N61 -> 0.1
B62: =B61+1 -> 56 | C62: 기타 | D62: 프라임코팅 | F62: 부록4 | G62: 82 | H62: ㎥/일 | J62: 20000 | K62: 1 | L62: =IFERROR(IF(AND($G62>0,$J62>0,$K62>0),ROUNDUP($G62/($J62*$K62),1),0),0) -> 0.1 | M62: 0 | N62: 0 | O62: =$L62+$M62+$N62 -> 0.1
B63: =B62+1 -> 57 | C63: 포장 | D63: 아스팔트 보조기층 | F63: 부록4 | G63: 8 | H63: =IF($F63="부록4",IFERROR(INDEX(③1일작업량DB!$H$6:$H$112,MATCH($C63&"|"&$D63,③1일작업량DB!$J$6:$J$112,0)),"-"),"") -> ㎥/일 | J63: =IF($F63="부록4",IFERROR(INDEX(③1일작업량DB!$G$6:$G$112,MATCH($C63&"|"&$D63,③1일작업량DB!$J$6:$J$112,0)),""),$I63) -> 550 | K63: 1 | L63: =IFERROR(IF(AND($G63>0,$J63>0,$K63>0),ROUNDUP($G63/($J63*$K63),1),0),0) -> 0.1 | M63: 0 | N63: 0 | O63: =$L63+$M63+$N63 -> 0.1
C64: 우수관로 | O64: =SUM(O65:O89) -> 157.8
B65: =B63+1 -> 58 | C65: 토공 | D65: 토사굴착(1.0㎥,지장물) | E65: 주간 | F65: 부록4 | G65: 7001 | H65: =IF($F65="부록4",IFERROR(INDEX(③1일작업량DB!$H$6:$H$112,MATCH($C65&"|"&$D65,③1일작업량DB!$J$6:$J$112,0)),"-"),"") -> ㎥/일 | J65: 514 | K65: 2 | L65: =IFERROR(IF(AND($G65>0,$J65>0,$K65>0),ROUNDUP($G65/($J65*$K65),1),0),0) -> 6.9 | M65: 0 | N65: 0 | O65: =$L65+$M65+$N65 -> 6.9
B66: =B65+1 -> 59 | C66: 토공 | D66: 되메우기 | F66: 부록4 | G66: 1482 | H66: =IF($F66="부록4",IFERROR(INDEX(③1일작업량DB!$H$6:$H$112,MATCH($C66&"|"&$D66,③1일작업량DB!$J$6:$J$112,0)),"-"),"") -> ㎥/일 | J66: =IF($F66="부록4",IFERROR(INDEX(③1일작업량DB!$G$6:$G$112,MATCH($C66&"|"&$D66,③1일작업량DB!$J$6:$J$112,0)),""),$I66) -> 42 | K66: 2 | L66: =IFERROR(IF(AND($G66>0,$J66>0,$K66>0),ROUNDUP($G66/($J66*$K66),1),0),0) -> 17.7 | M66: 0 | N66: 0 | O66: =$L66+$M66+$N66 -> 17.7
B67: =B66+1 -> 60 | C67: 토공 | D67: 토사굴착(1.0㎥,지장물) | E67: 야간 | F67: 부록4 | G67: 1925 | H67: =IF($F67="부록4",IFERROR(INDEX(③1일작업량DB!$H$6:$H$112,MATCH($C67&"|"&$D67,③1일작업량DB!$J$6:$J$112,0)),"-"),"") -> ㎥/일 | J67: 514 | K67: 1 | L67: =IFERROR(IF(AND($G67>0,$J67>0,$K67>0),ROUNDUP($G67/($J67*$K67),1),0),0) -> 3.8 | M67: 0 | N67: 0 | O67: =$L67+$M67+$N67 -> 3.8
B68: =B67+1 -> 61 | C68: 토공 | D68: 되메우기 | F68: 부록4 | G68: =658+362 -> 1020 | H68: =IF($F68="부록4",IFERROR(INDEX(③1일작업량DB!$H$6:$H$112,MATCH($C68&"|"&$D68,③1일작업량DB!$J$6:$J$112,0)),"-"),"") -> ㎥/일 | J68: =IF($F68="부록4",IFERROR(INDEX(③1일작업량DB!$G$6:$G$112,MATCH($C68&"|"&$D68,③1일작업량DB!$J$6:$J$112,0)),""),$I68) -> 42 | K68: 1 | L68: =IFERROR(IF(AND($G68>0,$J68>0,$K68>0),ROUNDUP($G68/($J68*$K68),1),0),0) -> 24.3 | M68: 0 | N68: 0 | O68: =$L68+$M68+$N68 -> 24.3
B69: =B68+1 -> 62 | C69: 배수공 | D69: 배수관(흄관/VR) | E69: 주간 | F69: 부록4 | G69: =(22+101+55+25+156+28)*2.5 -> 967.5 | H69: =IF($F69="부록4",IFERROR(INDEX(③1일작업량DB!$H$6:$H$112,MATCH($C69&"|"&$D69,③1일작업량DB!$J$6:$J$112,0)),"-"),"") -> m/일 | J69: =IF($F69="부록4",IFERROR(INDEX(③1일작업량DB!$G$6:$G$112,MATCH($C69&"|"&$D69,③1일작업량DB!$J$6:$J$112,0)),""),$I69) -> 43 | K69: 1 | L69: =IFERROR(IF(AND($G69>0,$J69>0,$K69>0),ROUNDUP($G69/($J69*$K69),1),0),0) -> 22.5 | M69: 0 | N69: 0 | O69: =$L69+$M69+$N69 -> 22.5
B70: =B69+1 -> 63 | C70: 배수공 | D70: 배수관(강관) | F70: 부록4 | G70: =330+92+8 -> 430 | H70: =IF($F70="부록4",IFERROR(INDEX(③1일작업량DB!$H$6:$H$112,MATCH($C70&"|"&$D70,③1일작업량DB!$J$6:$J$112,0)),"-"),"") -> m/일 | J70: =IF($F70="부록4",IFERROR(INDEX(③1일작업량DB!$G$6:$G$112,MATCH($C70&"|"&$D70,③1일작업량DB!$J$6:$J$112,0)),""),$I70) -> 38 | K70: 1 | L70: =IFERROR(IF(AND($G70>0,$J70>0,$K70>0),ROUNDUP($G70/($J70*$K70),1),0),0) -> 11.4 | M70: 0 | N70: 0 | O70: =$L70+$M70+$N70 -> 11.4
B71: =B70+1 -> 64 | C71: 배수공 | D71: L형측구 | F71: 부록4 | G71: 54 | H71: =IF($F71="부록4",IFERROR(INDEX(③1일작업량DB!$H$6:$H$112,MATCH($C71&"|"&$D71,③1일작업량DB!$J$6:$J$112,0)),"-"),"") -> span/일 | J71: =IF($F71="부록4",IFERROR(INDEX(③1일작업량DB!$G$6:$G$112,MATCH($C71&"|"&$D71,③1일작업량DB!$J$6:$J$112,0)),""),$I71) -> 2.5 | K71: 1 | L71: =IFERROR(IF(AND($G71>0,$J71>0,$K71>0),ROUNDUP($G71/($J71*$K71),1),0),0) -> 21.6 | M71: 0 | N71: 0 | O71: =$L71+$M71+$N71 -> 21.6
B72: =B71+1 -> 65 | C72: 배수공 | D72: 배수관(흄관/VR) | E72: 야간 | F72: 부록4 | G72: =132*2.5 -> 330 | H72: =IF($F72="부록4",IFERROR(INDEX(③1일작업량DB!$H$6:$H$112,MATCH($C72&"|"&$D72,③1일작업량DB!$J$6:$J$112,0)),"-"),"") -> m/일 | J72: =IF($F72="부록4",IFERROR(INDEX(③1일작업량DB!$G$6:$G$112,MATCH($C72&"|"&$D72,③1일작업량DB!$J$6:$J$112,0)),""),$I72) -> 43 | K72: 1 | L72: =IFERROR(IF(AND($G72>0,$J72>0,$K72>0),ROUNDUP($G72/($J72*$K72),1),0),0) -> 7.7 | M72: 0 | N72: 0 | O72: =$L72+$M72+$N72 -> 7.7
B73: =B72+1 -> 66 | C73: 배수공 | D73: 배수관(강관) | F73: 부록4 | G73: =330+92+8 -> 430 | H73: =IF($F73="부록4",IFERROR(INDEX(③1일작업량DB!$H$6:$H$112,MATCH($C73&"|"&$D73,③1일작업량DB!$J$6:$J$112,0)),"-"),"") -> m/일 | J73: =IF($F73="부록4",IFERROR(INDEX(③1일작업량DB!$G$6:$G$112,MATCH($C73&"|"&$D73,③1일작업량DB!$J$6:$J$112,0)),""),$I73) -> 38 | K73: 1 | L73: =IFERROR(IF(AND($G73>0,$J73>0,$K73>0),ROUNDUP($G73/($J73*$K73),1),0),0) -> 11.4 | M73: 0 | N73: 0 | O73: =$L73+$M73+$N73 -> 11.4
B74: =B73+1 -> 67 | C74: 배수공 | D74: L형측구 | F74: 부록4 | G74: 54 | H74: =IF($F74="부록4",IFERROR(INDEX(③1일작업량DB!$H$6:$H$112,MATCH($C74&"|"&$D74,③1일작업량DB!$J$6:$J$112,0)),"-"),"") -> span/일 | J74: =IF($F74="부록4",IFERROR(INDEX(③1일작업량DB!$G$6:$G$112,MATCH($C74&"|"&$D74,③1일작업량DB!$J$6:$J$112,0)),""),$I74) -> 2.5 | K74: 1 | L74: =IFERROR(IF(AND($G74>0,$J74>0,$K74>0),ROUNDUP($G74/($J74*$K74),1),0),0) -> 21.6 | M74: 0 | N74: 0 | O74: =$L74+$M74+$N74 -> 21.6
B75: =B74+1 -> 68 | C75: 토공 | D75: 기존시설물 깨기 | E75: 주간 | F75: 부록4 | G75: 22 | H75: =IF($F75="부록4",IFERROR(INDEX(③1일작업량DB!$H$6:$H$112,MATCH($C75&"|"&$D75,③1일작업량DB!$J$6:$J$112,0)),"-"),"") -> ㎥/일 | J75: =IF($F75="부록4",IFERROR(INDEX(③1일작업량DB!$G$6:$G$112,MATCH($C75&"|"&$D75,③1일작업량DB!$J$6:$J$112,0)),""),$I75) -> 54 | K75: 1 | L75: =IFERROR(IF(AND($G75>0,$J75>0,$K75>0),ROUNDUP($G75/($J75*$K75),1),0),0) -> 0.5 | M75: 0 | N75: 0 | O75: =$L75+$M75+$N75 -> 0.5
B76: =B75+1 -> 69 | C76: 포장 | D76: 콘크리트표층(1차로) | F76: 부록4 | G76: 149 | H76: =IF($F76="부록4",IFERROR(INDEX(③1일작업량DB!$H$6:$H$112,MATCH($C76&"|"&$D76,③1일작업량DB!$J$6:$J$112,0)),"-"),"") -> ㎥/일 | J76: =IF($F76="부록4",IFERROR(INDEX(③1일작업량DB!$G$6:$G$112,MATCH($C76&"|"&$D76,③1일작업량DB!$J$6:$J$112,0)),""),$I76) -> 300 | K76: 1 | L76: =IFERROR(IF(AND($G76>0,$J76>0,$K76>0),ROUNDUP($G76/($J76*$K76),1),0),0) -> 0.5 | M76: 0 | N76: 0 | O76: =$L76+$M76+$N76 -> 0.5
B77: =B76+1 -> 70 | C77: 포장 | D77: 아스팔트 보조기층 | F77: 부록4 | G77: 30 | H77: =IF($F77="부록4",IFERROR(INDEX(③1일작업량DB!$H$6:$H$112,MATCH($C77&"|"&$D77,③1일작업량DB!$J$6:$J$112,0)),"-"),"") -> ㎥/일 | J77: =IF($F77="부록4",IFERROR(INDEX(③1일작업량DB!$G$6:$G$112,MATCH($C77&"|"&$D77,③1일작업량DB!$J$6:$J$112,0)),""),$I77) -> 550 | K77: 1 | L77: =IFERROR(IF(AND($G77>0,$J77>0,$K77>0),ROUNDUP($G77/($J77*$K77),1),0),0) -> 0.1 | M77: 0 | N77: 0 | O77: =$L77+$M77+$N77 -> 0.1
B78: =B77+1 -> 71 | C78: 포장 | D78: 아스팔트 기층(5~7㎝) | F78: 부록4 | G78: 3202 | H78: ㎥/일 | J78: 4800 | K78: 1 | L78: =IFERROR(IF(AND($G78>0,$J78>0,$K78>0),ROUNDUP($G78/($J78*$K78),1),0),0) -> 0.7 | M78: 0 | N78: 0 | O78: =$L78+$M78+$N78 -> 0.7
B79: =B78+1 -> 72 | C79: 포장 | D79: 아스팔트 기층(8~10㎝) | F79: 부록4 | G79: 3202 | H79: ㎥/일 | J79: 4800 | K79: 1 | L79: =IFERROR(IF(AND($G79>0,$J79>0,$K79>0),ROUNDUP($G79/($J79*$K79),1),0),0) -> 0.7 | M79: 0 | N79: 0 | O79: =$L79+$M79+$N79 -> 0.7
B80: =B79+1 -> 73 | C80: 기타 | D80: 텍코팅 | F80: 부록4 | G80: 3202 | H80: ㎥/일 | J80: 20000 | K80: 1 | L80: =IFERROR(IF(AND($G80>0,$J80>0,$K80>0),ROUNDUP($G80/($J80*$K80),1),0),0) -> 0.2 | M80: 0 | N80: 0 | O80: =$L80+$M80+$N80 -> 0.2
B81: =B80+1 -> 74 | C81: 기타 | D81: 프라임코팅 | F81: 부록4 | G81: 3202 | H81: ㎥/일 | J81: 20000 | K81: 1 | L81: =IFERROR(IF(AND($G81>0,$J81>0,$K81>0),ROUNDUP($G81/($J81*$K81),1),0),0) -> 0.2 | M81: 0 | N81: 0 | O81: =$L81+$M81+$N81 -> 0.2
B82: =B81+1 -> 75 | C82: 포장 | D82: 아스팔트 보조기층 | F82: 부록4 | G82: 1618 | H82: =IF($F82="부록4",IFERROR(INDEX(③1일작업량DB!$H$6:$H$112,MATCH($C82&"|"&$D82,③1일작업량DB!$J$6:$J$112,0)),"-"),"") -> ㎥/일 | J82: =IF($F82="부록4",IFERROR(INDEX(③1일작업량DB!$G$6:$G$112,MATCH($C82&"|"&$D82,③1일작업량DB!$J$6:$J$112,0)),""),$I82) -> 550 | K82: 1 | L82: =IFERROR(IF(AND($G82>0,$J82>0,$K82>0),ROUNDUP($G82/($J82*$K82),1),0),0) -> 3 | M82: 0 | N82: 0 | O82: =$L82+$M82+$N82 -> 3
B83: =B82+1 -> 76 | C83: 포장 | D83: 아스팔트 기층(5~7㎝) | F83: 부록4 | G83: 6083 | H83: ㎥/일 | J83: 4800 | K83: 1 | L83: =IFERROR(IF(AND($G83>0,$J83>0,$K83>0),ROUNDUP($G83/($J83*$K83),1),0),0) -> 1.3 | M83: 0 | N83: 0 | O83: =$L83+$M83+$N83 -> 1.3
B84: =B83+1 -> 77 | C84: 포장 | D84: 아스팔트 기층(5~7㎝) | E84: 야간 | F84: 부록4 | G84: 816 | H84: ㎥/일 | J84: 4800 | K84: 1 | L84: =IFERROR(IF(AND($G84>0,$J84>0,$K84>0),ROUNDUP($G84/($J84*$K84),1),0),0) -> 0.2 | M84: 0 | N84: 0 | O84: =$L84+$M84+$N84 -> 0.2
B85: =B84+1 -> 78 | C85: 포장 | D85: 아스팔트 기층(8~10㎝) | F85: 부록4 | G85: 816 | H85: ㎥/일 | J85: 4800 | K85: 1 | L85: =IFERROR(IF(AND($G85>0,$J85>0,$K85>0),ROUNDUP($G85/($J85*$K85),1),0),0) -> 0.2 | M85: 0 | N85: 0 | O85: =$L85+$M85+$N85 -> 0.2
B86: =B85+1 -> 79 | C86: 기타 | D86: 텍코팅 | F86: 부록4 | G86: 816 | H86: ㎥/일 | J86: 20000 | K86: 1 | L86: =IFERROR(IF(AND($G86>0,$J86>0,$K86>0),ROUNDUP($G86/($J86*$K86),1),0),0) -> 0.1 | M86: 0 | N86: 0 | O86: =$L86+$M86+$N86 -> 0.1
B87: =B86+1 -> 80 | C87: 기타 | D87: 프라임코팅 | F87: 부록4 | G87: 816 | H87: ㎥/일 | J87: 20000 | K87: 1 | L87: =IFERROR(IF(AND($G87>0,$J87>0,$K87>0),ROUNDUP($G87/($J87*$K87),1),0),0) -> 0.1 | M87: 0 | N87: 0 | O87: =$L87+$M87+$N87 -> 0.1
B88: =B87+1 -> 81 | C88: 포장 | D88: 아스팔트 보조기층 | F88: 부록4 | G88: 399 | H88: =IF($F88="부록4",IFERROR(INDEX(③1일작업량DB!$H$6:$H$112,MATCH($C88&"|"&$D88,③1일작업량DB!$J$6:$J$112,0)),"-"),"") -> ㎥/일 | J88: =IF($F88="부록4",IFERROR(INDEX(③1일작업량DB!$G$6:$G$112,MATCH($C88&"|"&$D88,③1일작업량DB!$J$6:$J$112,0)),""),$I88) -> 550 | K88: 1 | L88: =IFERROR(IF(AND($G88>0,$J88>0,$K88>0),ROUNDUP($G88/($J88*$K88),1),0),0) -> 0.8 | M88: 0 | N88: 0 | O88: =$L88+$M88+$N88 -> 0.8
B89: =B88+1 -> 82 | C89: 포장 | D89: 아스팔트 기층(5~7㎝) | F89: 부록4 | G89: 1322 | H89: ㎥/일 | J89: 4800 | K89: 1 | L89: =IFERROR(IF(AND($G89>0,$J89>0,$K89>0),ROUNDUP($G89/($J89*$K89),1),0),0) -> 0.3 | M89: 0 | N89: 0 | O89: =$L89+$M89+$N89 -> 0.3
C90: 기타 | O90: =SUM(O91:O98) -> 250
B91: =B89+1 -> 83 | C91: 기타 | D91: 건축공사 | F91: 부록4 | G91: 150 | H91: ㎥/일 | J91: 1 | K91: 1 | L91: =IFERROR(IF(AND($G91>0,$J91>0,$K91>0),ROUNDUP($G91/($J91*$K91),1),0),0) -> 150 | M91: 0 | N91: 0 | O91: =$L91+$M91+$N91 -> 150
B92: =B91+1 -> 84 | C92: 포장 | D92: 기계 /전기공사 | F92: 부록4 | G92: 100 | H92: =IF($F92="부록4",IFERROR(INDEX(③1일작업량DB!$H$6:$H$112,MATCH($C92&"|"&$D92,③1일작업량DB!$J$6:$J$112,0)),"-"),"") -> - | J92: 1 | K92: 1 | L92: =IFERROR(IF(AND($G92>0,$J92>0,$K92>0),ROUNDUP($G92/($J92*$K92),1),0),0) -> 100 | M92: 0 | N92: 0 | O92: =$L92+$M92+$N92 -> 100
B93: =B92+1 -> 85 | C93: 포장 | F93: 부록4 | H93: ㎥/일 | K93: 1 | L93: =IFERROR(IF(AND($G93>0,$J93>0,$K93>0),ROUNDUP($G93/($J93*$K93),1),0),0) -> 0 | M93: 0 | N93: 0 | O93: =$L93+$M93+$N93 -> 0
B94: =B93+1 -> 86 | C94: 토공 | F94: 부록4 | H94: =IF($F94="부록4",IFERROR(INDEX(③1일작업량DB!$H$6:$H$112,MATCH($C94&"|"&$D94,③1일작업량DB!$J$6:$J$112,0)),"-"),"") -> - | J94: =IF($F94="부록4",IFERROR(INDEX(③1일작업량DB!$G$6:$G$112,MATCH($C94&"|"&$D94,③1일작업량DB!$J$6:$J$112,0)),""),$I94) | K94: 1 | L94: =IFERROR(IF(AND($G94>0,$J94>0,$K94>0),ROUNDUP($G94/($J94*$K94),1),0),0) -> 0 | M94: 0 | N94: 0 | O94: =$L94+$M94+$N94 -> 0
B95: =B94+1 -> 87 | C95: 토공 | F95: 부록4 | H95: =IF($F95="부록4",IFERROR(INDEX(③1일작업량DB!$H$6:$H$112,MATCH($C95&"|"&$D95,③1일작업량DB!$J$6:$J$112,0)),"-"),"") -> - | J95: =IF($F95="부록4",IFERROR(INDEX(③1일작업량DB!$G$6:$G$112,MATCH($C95&"|"&$D95,③1일작업량DB!$J$6:$J$112,0)),""),$I95) | K95: 1 | L95: =IFERROR(IF(AND($G95>0,$J95>0,$K95>0),ROUNDUP($G95/($J95*$K95),1),0),0) -> 0 | M95: 0 | N95: 0 | O95: =$L95+$M95+$N95 -> 0
B96: =B95+1 -> 88 | C96: 토공 | F96: 부록4 | H96: =IF($F96="부록4",IFERROR(INDEX(③1일작업량DB!$H$6:$H$112,MATCH($C96&"|"&$D96,③1일작업량DB!$J$6:$J$112,0)),"-"),"") -> - | J96: =IF($F96="부록4",IFERROR(INDEX(③1일작업량DB!$G$6:$G$112,MATCH($C96&"|"&$D96,③1일작업량DB!$J$6:$J$112,0)),""),$I96) | K96: 1 | L96: =IFERROR(IF(AND($G96>0,$J96>0,$K96>0),ROUNDUP($G96/($J96*$K96),1),0),0) -> 0 | M96: 0 | N96: 0 | O96: =$L96+$M96+$N96 -> 0
B97: =B96+1 -> 89 | C97: 토공 | F97: 부록4 | H97: =IF($F97="부록4",IFERROR(INDEX(③1일작업량DB!$H$6:$H$112,MATCH($C97&"|"&$D97,③1일작업량DB!$J$6:$J$112,0)),"-"),"") -> - | J97: =IF($F97="부록4",IFERROR(INDEX(③1일작업량DB!$G$6:$G$112,MATCH($C97&"|"&$D97,③1일작업량DB!$J$6:$J$112,0)),""),$I97) | K97: 1 | L97: =IFERROR(IF(AND($G97>0,$J97>0,$K97>0),ROUNDUP($G97/($J97*$K97),1),0),0) -> 0 | M97: 0 | N97: 0 | O97: =$L97+$M97+$N97 -> 0
B98: =B97+1 -> 90 | C98: 토공 | F98: 부록4 | H98: =IF($F98="부록4",IFERROR(INDEX(③1일작업량DB!$H$6:$H$112,MATCH($C98&"|"&$D98,③1일작업량DB!$J$6:$J$112,0)),"-"),"") -> - | J98: =IF($F98="부록4",IFERROR(INDEX(③1일작업량DB!$G$6:$G$112,MATCH($C98&"|"&$D98,③1일작업량DB!$J$6:$J$112,0)),""),$I98) | K98: 1 | L98: =IFERROR(IF(AND($G98>0,$J98>0,$K98>0),ROUNDUP($G98/($J98*$K98),1),0),0) -> 0 | M98: 0 | N98: 0 | O98: =$L98+$M98+$N98 -> 0
B99: 합 계 | L99: =SUM(L6:L98) -> 918 | M99: =SUM(M6:M98) -> 20 | N99: =SUM(N6:N98) -> 6 | O99: =SUM(O6:O98)-O64-O56-O90 -> 944
B100: ※ 총작업일수 = 순작업일수 + 간접작업일수 + 보정일수 (간접·보정 헤더의 빨간 표식에 마우스를 올리면 가이드라인 예시값 안내). 실제 공사기간은 ⑤에서 시공순서·CP(주공정)를 반영하여 결정.

Sheet ④-1 처리시설 작업일수
A1: ④-1 처리시설 작업일수 산정 (신서 공공하수처리시설) — 수량집계 → 1일작업량 → 작업일수
B2: 순작업일수 = ROUNDUP( 작업수량 ÷ (적용1일작업량 × 작업조수) ). 출처='부록4'면 1일작업량 자동조회 / '품셈·실적'이면 수동1일작업량 칸에 입력. 소단위작업까지 분할하면 ⑤에서 선행·중첩이 뚜렷해집니다.
B4: No | C4: 대공정 | D4: 단위작업(세부공종) | E4: 소단위작업 | F4: 출처 | G4: 작업수량 | H4: 단위 | I4: 수동1일작업량 (품셈/실적) | J4: 적용1일작업량 | K4: 작업 조수 | L4: 순작업 일수 | M4: 간접 작업일수 | N4: 보정 일수 | O4: 총작업일수 | R4: =⑥공사기간종합!C10 -> 0
C5: 1.0 토공 | O5: =SUM(O6:O14) -> 29.4
B6: 1 | C6: 토공 | D6: 표토제거 | E6: 처리시설 부지 정리 | F6: 부록4 | G6: 1441.74 | H6: =IF($F6="부록4",IFERROR(INDEX(③1일작업량DB!$H$6:$H$169,MATCH(SUBSTITUTE($C6&"|"&$D6,"~","~~"),③1일작업량DB!$J$6:$J$169,0)),"-"),"") -> ㎡/일 | J6: =IF($F6="부록4",IFERROR(INDEX(③1일작업량DB!$G$6:$G$169,MATCH(SUBSTITUTE($C6&"|"&$D6,"~","~~"),③1일작업량DB!$J$6:$J$169,0)),""),$I6) -> 1915 | K6: 1 | L6: =IFERROR(IF(AND($G6>0,$J6>0,$K6>0),ROUNDUP($G6/($J6*$K6),1),0),0) -> 0.8 | M6: 0 | N6: 0 | O6: =$L6+$M6+$N6 -> 0.8
B7: 2 | C7: 토공 | D7: 터파기(토사) | E7: 구조물 토공 / B.H 0.7 육상 | F7: 부록4 | G7: 4141.4 | H7: =IF($F7="부록4",IFERROR(INDEX(③1일작업량DB!$H$6:$H$169,MATCH(SUBSTITUTE($C7&"|"&$D7,"~","~~"),③1일작업량DB!$J$6:$J$169,0)),"-"),"") -> ㎥/일 | J7: =IF($F7="부록4",IFERROR(INDEX(③1일작업량DB!$G$6:$G$169,MATCH(SUBSTITUTE($C7&"|"&$D7,"~","~~"),③1일작업량DB!$J$6:$J$169,0)),""),$I7) -> 349 | K7: 2 | L7: =IFERROR(IF(AND($G7>0,$J7>0,$K7>0),ROUNDUP($G7/($J7*$K7),1),0),0) -> 6 | M7: 0 | N7: 0 | O7: =$L7+$M7+$N7 -> 6
B8: 3 | C8: 토공 | D8: 터파기(토사) | E8: 용수구간 / B.H 0.7 | F8: 부록4 | G8: 408.82 | H8: =IF($F8="부록4",IFERROR(INDEX(③1일작업량DB!$H$6:$H$169,MATCH(SUBSTITUTE($C8&"|"&$D8,"~","~~"),③1일작업량DB!$J$6:$J$169,0)),"-"),"") -> ㎥/일 | J8: =IF($F8="부록4",IFERROR(INDEX(③1일작업량DB!$G$6:$G$169,MATCH(SUBSTITUTE($C8&"|"&$D8,"~","~~"),③1일작업량DB!$J$6:$J$169,0)),""),$I8) -> 349 | K8: 1 | L8: =IFERROR(IF(AND($G8>0,$J8>0,$K8>0),ROUNDUP($G8/($J8*$K8),1),0),0) -> 1.2 | M8: 0 | N8: 0 | O8: =$L8+$M8+$N8 -> 1.2
B9: 4 | C9: 토공 | D9: 흙쌓기(노체) | E9: 성토 및 다짐 | F9: 부록4 | G9: 1147.09 | H9: =IF($F9="부록4",IFERROR(INDEX(③1일작업량DB!$H$6:$H$169,MATCH(SUBSTITUTE($C9&"|"&$D9,"~","~~"),③1일작업량DB!$J$6:$J$169,0)),"-"),"") -> ㎥/일 | J9: =IF($F9="부록4",IFERROR(INDEX(③1일작업량DB!$G$6:$G$169,MATCH(SUBSTITUTE($C9&"|"&$D9,"~","~~"),③1일작업량DB!$J$6:$J$169,0)),""),$I9) -> 1118 | K9: 1 | L9: =IFERROR(IF(AND($G9>0,$J9>0,$K9>0),ROUNDUP($G9/($J9*$K9),1),0),0) -> 1.1 | M9: 0 | N9: 0 | O9: =$L9+$M9+$N9 -> 1.1
B10: 5 | C10: 토공 | D10: 되메우기 | E10: 구조물 되메우기 / 램머다짐 | F10: 부록4 | G10: 1508.18 | H10: =IF($F10="부록4",IFERROR(INDEX(③1일작업량DB!$H$6:$H$169,MATCH(SUBSTITUTE($C10&"|"&$D10,"~","~~"),③1일작업량DB!$J$6:$J$169,0)),"-"),"") -> ㎥/일 | J10: =IF($F10="부록4",IFERROR(INDEX(③1일작업량DB!$G$6:$G$169,MATCH(SUBSTITUTE($C10&"|"&$D10,"~","~~"),③1일작업량DB!$J$6:$J$169,0)),""),$I10) -> 42 | K10: 3 | L10: =IFERROR(IF(AND($G10>0,$J10>0,$K10>0),ROUNDUP($G10/($J10*$K10),1),0),0) -> 12 | M10: 0 | N10: 0 | O10: =$L10+$M10+$N10 -> 12
B11: 6 | C11: 토공 | D11: 모래부설(기초) | E11: 구조물 기초 모래부설 | F11: 부록4 | G11: 122.76 | H11: =IF($F11="부록4",IFERROR(INDEX(③1일작업량DB!$H$6:$H$169,MATCH(SUBSTITUTE($C11&"|"&$D11,"~","~~"),③1일작업량DB!$J$6:$J$169,0)),"-"),"") -> ㎥/일 | J11: =IF($F11="부록4",IFERROR(INDEX(③1일작업량DB!$G$6:$G$169,MATCH(SUBSTITUTE($C11&"|"&$D11,"~","~~"),③1일작업량DB!$J$6:$J$169,0)),""),$I11) -> 60 | K11: 1 | L11: =IFERROR(IF(AND($G11>0,$J11>0,$K11>0),ROUNDUP($G11/($J11*$K11),1),0),0) -> 2.1 | M11: 0 | N11: 0 | O11: =$L11+$M11+$N11 -> 2.1
B12: 7 | C12: 토공 | D12: 성토면 고르기 | E12: 토사 사면 정리 | F12: 부록4 | G12: 232.32 | H12: =IF($F12="부록4",IFERROR(INDEX(③1일작업량DB!$H$6:$H$169,MATCH(SUBSTITUTE($C12&"|"&$D12,"~","~~"),③1일작업량DB!$J$6:$J$169,0)),"-"),"") -> ㎡/일 | J12: =IF($F12="부록4",IFERROR(INDEX(③1일작업량DB!$G$6:$G$169,MATCH(SUBSTITUTE($C12&"|"&$D12,"~","~~"),③1일작업량DB!$J$6:$J$169,0)),""),$I12) -> 500 | K12: 1 | L12: =IFERROR(IF(AND($G12>0,$J12>0,$K12>0),ROUNDUP($G12/($J12*$K12),1),0),0) -> 0.5 | M12: 0 | N12: 0 | O12: =$L12+$M12+$N12 -> 0.5
B13: 8 | C13: 토공 | D13: 줄떼 붙이기 | E13: 성토 사면 | F13: 부록4 | G13: 232.32 | H13: =IF($F13="부록4",IFERROR(INDEX(③1일작업량DB!$H$6:$H$169,MATCH(SUBSTITUTE($C13&"|"&$D13,"~","~~"),③1일작업량DB!$J$6:$J$169,0)),"-"),"") -> ㎡/일 | J13: =IF($F13="부록4",IFERROR(INDEX(③1일작업량DB!$G$6:$G$169,MATCH(SUBSTITUTE($C13&"|"&$D13,"~","~~"),③1일작업량DB!$J$6:$J$169,0)),""),$I13) -> 100 | K13: 1 | L13: =IFERROR(IF(AND($G13>0,$J13>0,$K13>0),ROUNDUP($G13/($J13*$K13),1),0),0) -> 2.4 | M13: 0 | N13: 0 | O13: =$L13+$M13+$N13 -> 2.4
B14: 9 | C14: 토공 | D14: 잔토처리(사토운반) | E14: 사토량(토사) | F14: 부록4 | G14: 3271.79 | H14: =IF($F14="부록4",IFERROR(INDEX(③1일작업량DB!$H$6:$H$169,MATCH(SUBSTITUTE($C14&"|"&$D14,"~","~~"),③1일작업량DB!$J$6:$J$169,0)),"-"),"") -> ㎥/일 | J14: =IF($F14="부록4",IFERROR(INDEX(③1일작업량DB!$G$6:$G$169,MATCH(SUBSTITUTE($C14&"|"&$D14,"~","~~"),③1일작업량DB!$J$6:$J$169,0)),""),$I14) -> 500 | K14: 2 | L14: =IFERROR(IF(AND($G14>0,$J14>0,$K14>0),ROUNDUP($G14/($J14*$K14),1),0),0) -> 3.3 | M14: 0 | N14: 0 | O14: =$L14+$M14+$N14 -> 3.3
C15: 2.0 구조물공 | O15: =SUM(O16:O37) -> 205.4
B16: 10 | C16: 철근콘크리트 | D16: 철근가공 | E16: D13 이상 / 복잡 | F16: 부록4 | G16: 131.719 | H16: =IF($F16="부록4",IFERROR(INDEX(③1일작업량DB!$H$6:$H$169,MATCH(SUBSTITUTE($C16&"|"&$D16,"~","~~"),③1일작업량DB!$J$6:$J$169,0)),"-"),"") -> ton/일 | J16: =IF($F16="부록4",IFERROR(INDEX(③1일작업량DB!$G$6:$G$169,MATCH(SUBSTITUTE($C16&"|"&$D16,"~","~~"),③1일작업량DB!$J$6:$J$169,0)),""),$I16) -> 4 | K16: 2 | L16: =IFERROR(IF(AND($G16>0,$J16>0,$K16>0),ROUNDUP($G16/($J16*$K16),1),0),0) -> 16.5 | M16: 0 | N16: 0 | O16: =$L16+$M16+$N16 -> 16.5
B17: 11 | C17: 철근콘크리트 | D17: 철근조립(토목) | E17: Type-Ⅱ-1 / 복잡 | F17: 부록4 | G17: 131.719 | H17: =IF($F17="부록4",IFERROR(INDEX(③1일작업량DB!$H$6:$H$169,MATCH(SUBSTITUTE($C17&"|"&$D17,"~","~~"),③1일작업량DB!$J$6:$J$169,0)),"-"),"") -> ton/일 | J17: =IF($F17="부록4",IFERROR(INDEX(③1일작업량DB!$G$6:$G$169,MATCH(SUBSTITUTE($C17&"|"&$D17,"~","~~"),③1일작업량DB!$J$6:$J$169,0)),""),$I17) -> 2.5 | K17: 3 | L17: =IFERROR(IF(AND($G17>0,$J17>0,$K17>0),ROUNDUP($G17/($J17*$K17),1),0),0) -> 17.6 | M17: 0 | N17: 0 | O17: =$L17+$M17+$N17 -> 17.6
B18: 12 | C18: 철근콘크리트 | D18: 유로폼 설치(보통) | E18: 0~7m 벽체 | F18: 부록4 | G18: 2479.35 | H18: =IF($F18="부록4",IFERROR(INDEX(③1일작업량DB!$H$6:$H$169,MATCH(SUBSTITUTE($C18&"|"&$D18,"~","~~"),③1일작업량DB!$J$6:$J$169,0)),"-"),"") -> ㎡/일 | J18: =IF($F18="부록4",IFERROR(INDEX(③1일작업량DB!$G$6:$G$169,MATCH(SUBSTITUTE($C18&"|"&$D18,"~","~~"),③1일작업량DB!$J$6:$J$169,0)),""),$I18) -> 50 | K18: 3 | L18: =IFERROR(IF(AND($G18>0,$J18>0,$K18>0),ROUNDUP($G18/($J18*$K18),1),0),0) -> 16.6 | M18: 0 | N18: 0 | O18: =$L18+$M18+$N18 -> 16.6
B19: 13 | C19: 철근콘크리트 | D19: 유로폼 해체 | E19: 0~7m 벽체 | F19: 부록4 | G19: 2479.35 | H19: =IF($F19="부록4",IFERROR(INDEX(③1일작업량DB!$H$6:$H$169,MATCH(SUBSTITUTE($C19&"|"&$D19,"~","~~"),③1일작업량DB!$J$6:$J$169,0)),"-"),"") -> ㎡/일 | J19: =IF($F19="부록4",IFERROR(INDEX(③1일작업량DB!$G$6:$G$169,MATCH(SUBSTITUTE($C19&"|"&$D19,"~","~~"),③1일작업량DB!$J$6:$J$169,0)),""),$I19) -> 115 | K19: 2 | L19: =IFERROR(IF(AND($G19>0,$J19>0,$K19>0),ROUNDUP($G19/($J19*$K19),1),0),0) -> 10.8 | M19: 0 | N19: 0 | O19: =$L19+$M19+$N19 -> 10.8
B20: 14 | C20: 철근콘크리트 | D20: 합판거푸집 설치(보통) | E20: 슬래브 합판 4회 | F20: 부록4 | G20: 605.24 | H20: =IF($F20="부록4",IFERROR(INDEX(③1일작업량DB!$H$6:$H$169,MATCH(SUBSTITUTE($C20&"|"&$D20,"~","~~"),③1일작업량DB!$J$6:$J$169,0)),"-"),"") -> ㎡/일 | J20: =IF($F20="부록4",IFERROR(INDEX(③1일작업량DB!$G$6:$G$169,MATCH(SUBSTITUTE($C20&"|"&$D20,"~","~~"),③1일작업량DB!$J$6:$J$169,0)),""),$I20) -> 60 | K20: 2 | L20: =IFERROR(IF(AND($G20>0,$J20>0,$K20>0),ROUNDUP($G20/($J20*$K20),1),0),0) -> 5.1 | M20: 0 | N20: 0 | O20: =$L20+$M20+$N20 -> 5.1
B21: 15 | C21: 철근콘크리트 | D21: 합판거푸집 설치(복잡) | E21: 원형 + 합판 3·6회 | F21: 부록4 | G21: 252.27 | H21: =IF($F21="부록4",IFERROR(INDEX(③1일작업량DB!$H$6:$H$169,MATCH(SUBSTITUTE($C21&"|"&$D21,"~","~~"),③1일작업량DB!$J$6:$J$169,0)),"-"),"") -> ㎡/일 | J21: =IF($F21="부록4",IFERROR(INDEX(③1일작업량DB!$G$6:$G$169,MATCH(SUBSTITUTE($C21&"|"&$D21,"~","~~"),③1일작업량DB!$J$6:$J$169,0)),""),$I21) -> 40 | K21: 1 | L21: =IFERROR(IF(AND($G21>0,$J21>0,$K21>0),ROUNDUP($G21/($J21*$K21),1),0),0) -> 6.4 | M21: 0 | N21: 0 | O21: =$L21+$M21+$N21 -> 6.4
B22: 16 | C22: 철근콘크리트 | D22: 합판거푸집 해체 | E22: 합판거푸집 전량 | F22: 부록4 | G22: 857.51 | H22: =IF($F22="부록4",IFERROR(INDEX(③1일작업량DB!$H$6:$H$169,MATCH(SUBSTITUTE($C22&"|"&$D22,"~","~~"),③1일작업량DB!$J$6:$J$169,0)),"-"),"") -> ㎡/일 | J22: =IF($F22="부록4",IFERROR(INDEX(③1일작업량DB!$G$6:$G$169,MATCH(SUBSTITUTE($C22&"|"&$D22,"~","~~"),③1일작업량DB!$J$6:$J$169,0)),""),$I22) -> 100 | K22: 2 | L22: =IFERROR(IF(AND($G22>0,$J22>0,$K22>0),ROUNDUP($G22/($J22*$K22),1),0),0) -> 4.3 | M22: 0 | N22: 0 | O22: =$L22+$M22+$N22 -> 4.3
B23: 17 | C23: 철근콘크리트 | D23: 시스템동바리 | E23: 10m 이하, 3개월 | F23: 부록4 | G23: 2362.4 | H23: =IF($F23="부록4",IFERROR(INDEX(③1일작업량DB!$H$6:$H$169,MATCH(SUBSTITUTE($C23&"|"&$D23,"~","~~"),③1일작업량DB!$J$6:$J$169,0)),"-"),"") -> ㎥/일 | J23: =IF($F23="부록4",IFERROR(INDEX(③1일작업량DB!$G$6:$G$169,MATCH(SUBSTITUTE($C23&"|"&$D23,"~","~~"),③1일작업량DB!$J$6:$J$169,0)),""),$I23) -> 69 | K23: 2 | L23: =IFERROR(IF(AND($G23>0,$J23>0,$K23>0),ROUNDUP($G23/($J23*$K23),1),0),0) -> 17.2 | M23: 0 | N23: 0 | O23: =$L23+$M23+$N23 -> 17.2
B24: 18 | C24: 가설 | D24: 시스템비계 | E24: 10m 이하, 3개월 | F24: 부록4 | G24: 2011.8 | H24: =IF($F24="부록4",IFERROR(INDEX(③1일작업량DB!$H$6:$H$169,MATCH(SUBSTITUTE($C24&"|"&$D24,"~","~~"),③1일작업량DB!$J$6:$J$169,0)),"-"),"") -> ㎡/일 | J24: =IF($F24="부록4",IFERROR(INDEX(③1일작업량DB!$G$6:$G$169,MATCH(SUBSTITUTE($C24&"|"&$D24,"~","~~"),③1일작업량DB!$J$6:$J$169,0)),""),$I24) -> 100 | K24: 2 | L24: =IFERROR(IF(AND($G24>0,$J24>0,$K24>0),ROUNDUP($G24/($J24*$K24),1),0),0) -> 10.1 | M24: 0 | N24: 0 | O24: =$L24+$M24+$N24 -> 10.1
B25: 19 | C25: 철근콘크리트 | D25: 콘크리트타설(무근,f1-Ⅰ) | E25: 25-18-15 | F25: 부록4 | G25: 83.56 | H25: =IF($F25="부록4",IFERROR(INDEX(③1일작업량DB!$H$6:$H$169,MATCH(SUBSTITUTE($C25&"|"&$D25,"~","~~"),③1일작업량DB!$J$6:$J$169,0)),"-"),"") -> ㎥/일 | J25: =IF($F25="부록4",IFERROR(INDEX(③1일작업량DB!$G$6:$G$169,MATCH(SUBSTITUTE($C25&"|"&$D25,"~","~~"),③1일작업량DB!$J$6:$J$169,0)),""),$I25) -> 189 | K25: 1 | L25: =IFERROR(IF(AND($G25>0,$J25>0,$K25>0),ROUNDUP($G25/($J25*$K25),1),0),0) -> 0.5 | M25: 1 | N25: 0 | O25: =$L25+$M25+$N25 -> 1.5
B26: 20 | C26: 철근콘크리트 | D26: 콘크리트타설(철근,f1-Ⅱ) | E26: 25-30-15 / 펌프카 | F26: 부록4 | G26: 1377.17 | H26: =IF($F26="부록4",IFERROR(INDEX(③1일작업량DB!$H$6:$H$169,MATCH(SUBSTITUTE($C26&"|"&$D26,"~","~~"),③1일작업량DB!$J$6:$J$169,0)),"-"),"") -> ㎥/일 | J26: =IF($F26="부록4",IFERROR(INDEX(③1일작업량DB!$G$6:$G$169,MATCH(SUBSTITUTE($C26&"|"&$D26,"~","~~"),③1일작업량DB!$J$6:$J$169,0)),""),$I26) -> 130 | K26: 1 | L26: =IFERROR(IF(AND($G26>0,$J26>0,$K26>0),ROUNDUP($G26/($J26*$K26),1),0),0) -> 10.6 | M26: 5 | N26: 3 | O26: =$L26+$M26+$N26 -> 18.6
B27: 21 | C27: 구조물공 | D27: 시공이음 면정리(치핑) | E27: Con'c 치핑(기계) | F27: 부록4 | G27: 401.48 | H27: =IF($F27="부록4",IFERROR(INDEX(③1일작업량DB!$H$6:$H$169,MATCH(SUBSTITUTE($C27&"|"&$D27,"~","~~"),③1일작업량DB!$J$6:$J$169,0)),"-"),"") -> ㎡/일 | J27: =IF($F27="부록4",IFERROR(INDEX(③1일작업량DB!$G$6:$G$169,MATCH(SUBSTITUTE($C27&"|"&$D27,"~","~~"),③1일작업량DB!$J$6:$J$169,0)),""),$I27) -> 30 | K27: 1 | L27: =IFERROR(IF(AND($G27>0,$J27>0,$K27>0),ROUNDUP($G27/($J27*$K27),1),0),0) -> 13.4 | M27: 0 | N27: 0 | O27: =$L27+$M27+$N27 -> 13.4
... B37: 31 | C37: 토공 | D37: 되메우기 | E37: 구조물 흙채움 | F37: 부록4 | G37: 19.5 | H37: =IF($F37="부록4",IFERROR(INDEX(③1일작업량DB!$H$6:$H$169,MATCH(SUBSTITUTE($C37&"|"&$D37,"~","~~"),③1일작업량DB!$J$6:$J$169,0)),"-"),"") -> ㎥/일 | J37: =IF($F37="부록4",IFERROR(INDEX(③1일작업량DB!$G$6:$G$169,MATCH(SUBSTITUTE($C37&"|"&$D37,"~","~~"),③1일작업량DB!$J$6:$J$169,0)),""),$I37) -> 42 | K37: 1 | L37: =IFERROR(IF(AND($G37>0,$J37>0,$K37>0),ROUNDUP($G37/($J37*$K37),1),0),0) -> 0.5 | M37: 0 | N37: 0 | O37: =$L37+$M37+$N37 -> 0.5
C38: 3.0 구내배관공 | O38: =SUM(O39:O46) -> 24.3
B39: 32 | C39: 토공 | D39: 토사굴착(1.0㎥,지장물) | E39: 관로 터파기 B.H 0.7 | F39: 부록4 | G39: 342.49 | H39: =IF($F39="부록4",IFERROR(INDEX(③1일작업량DB!$H$6:$H$169,MATCH(SUBSTITUTE($C39&"|"&$D39,"~","~~"),③1일작업량DB!$J$6:$J$169,0)),"-"),"") -> ㎥/일 | J39: =IF($F39="부록4",IFERROR(INDEX(③1일작업량DB!$G$6:$G$169,MATCH(SUBSTITUTE($C39&"|"&$D39,"~","~~"),③1일작업량DB!$J$6:$J$169,0)),""),$I39) -> 380 | K39: 1 | L39: =IFERROR(IF(AND($G39>0,$J39>0,$K39>0),ROUNDUP($G39/($J39*$K39),1),0),0) -> 1 | M39: 0 | N39: 0 | O39: =$L39+$M39+$N39 -> 1
B40: 33 | C40: 토공 | D40: 되메우기 | E40: 관상단 B.H 0.7 | F40: 부록4 | G40: 208.11 | H40: =IF($F40="부록4",IFERROR(INDEX(③1일작업량DB!$H$6:$H$169,MATCH(SUBSTITUTE($C40&"|"&$D40,"~","~~"),③1일작업량DB!$J$6:$J$169,0)),"-"),"") -> ㎥/일 | J40: =IF($F40="부록4",IFERROR(INDEX(③1일작업량DB!$G$6:$G$169,MATCH(SUBSTITUTE($C40&"|"&$D40,"~","~~"),③1일작업량DB!$J$6:$J$169,0)),""),$I40) -> 42 | K40: 1 | L40: =IFERROR(IF(AND($G40>0,$J40>0,$K40>0),ROUNDUP($G40/($J40*$K40),1),0),0) -> 5 | M40: 0 | N40: 0 | O40: =$L40+$M40+$N40 -> 5
B41: 34 | C41: 토공 | D41: 모래부설(기초) | E41: 관기초 B.H 0.7 | F41: 부록4 | G41: 89.28 | H41: =IF($F41="부록4",IFERROR(INDEX(③1일작업량DB!$H$6:$H$169,MATCH(SUBSTITUTE($C41&"|"&$D41,"~","~~"),③1일작업량DB!$J$6:$J$169,0)),"-"),"") -> ㎥/일 | J41: =IF($F41="부록4",IFERROR(INDEX(③1일작업량DB!$G$6:$G$169,MATCH(SUBSTITUTE($C41&"|"&$D41,"~","~~"),③1일작업량DB!$J$6:$J$169,0)),""),$I41) -> 60 | K41: 1 | L41: =IFERROR(IF(AND($G41>0,$J41>0,$K41>0),ROUNDUP($G41/($J41*$K41),1),0),0) -> 1.5 | M41: 0 | N41: 0 | O41: =$L41+$M41+$N41 -> 1.5
B42: 35 | C42: 배관 | D42: 주철관(D200,기계식) | E42: 닥타일주철관 KP 접합·부설 D80~250 | F42: 부록4 | G42: 20 | H42: =IF($F42="부록4",IFERROR(INDEX(③1일작업량DB!$H$6:$H$169,MATCH(SUBSTITUTE($C42&"|"&$D42,"~","~~"),③1일작업량DB!$J$6:$J$169,0)),"-"),"") -> 개소/일 | J42: =IF($F42="부록4",IFERROR(INDEX(③1일작업량DB!$G$6:$G$169,MATCH(SUBSTITUTE($C42&"|"&$D42,"~","~~"),③1일작업량DB!$J$6:$J$169,0)),""),$I42) -> 4 | K42: 1 | L42: =IFERROR(IF(AND($G42>0,$J42>0,$K42>0),ROUNDUP($G42/($J42*$K42),1),0),0) -> 5 | M42: 0 | N42: 0 | O42: =$L42+$M42+$N42 -> 5
B43: 36 | C43: 배관 | D43: 주철이형관 부설·접합 | E43: 이형관 부설 27 + KP이형관 29 | F43: 부록4 | G43: 56 | H43: =IF($F43="부록4",IFERROR(INDEX(③1일작업량DB!$H$6:$H$169,MATCH(SUBSTITUTE($C43&"|"&$D43,"~","~~"),③1일작업량DB!$J$6:$J$169,0)),"-"),"") -> 개소/일 | J43: =IF($F43="부록4",IFERROR(INDEX(③1일작업량DB!$G$6:$G$169,MATCH(SUBSTITUTE($C43&"|"&$D43,"~","~~"),③1일작업량DB!$J$6:$J$169,0)),""),$I43) -> 8 | K43: 1 | L43: =IFERROR(IF(AND($G43>0,$J43>0,$K43>0),ROUNDUP($G43/($J43*$K43),1),0),0) -> 7 | M43: 0 | N43: 0 | O43: =$L43+$M43+$N43 -> 7
B44: 37 | C44: 배관 | D44: 내충격수도관 부설 | E44: D50 직관 12 + 이형관 11 | F44: 부록4 | G44: 23 | H44: =IF($F44="부록4",IFERROR(INDEX(③1일작업량DB!$H$6:$H$169,MATCH(SUBSTITUTE($C44&"|"&$D44,"~","~~"),③1일작업량DB!$J$6:$J$169,0)),"-"),"") -> 개소/일 | J44: =IF($F44="부록4",IFERROR(INDEX(③1일작업량DB!$G$6:$G$169,MATCH(SUBSTITUTE($C44&"|"&$D44,"~","~~"),③1일작업량DB!$J$6:$J$169,0)),""),$I44) -> 15 | K44: 1 | L44: =IFERROR(IF(AND($G44>0,$J44>0,$K44>0),ROUNDUP($G44/($J44*$K44),1),0),0) -> 1.6 | M44: 0 | N44: 0 | O44: =$L44+$M44+$N44 -> 1.6
B45: 38 | C45: 배관 | D45: 관절단·플랜지 접합 | E45: 관절단 24 + 플랜지 5 | F45: 부록4 | G45: 29 | H45: =IF($F45="부록4",IFERROR(INDEX(③1일작업량DB!$H$6:$H$169,MATCH(SUBSTITUTE($C45&"|"&$D45,"~","~~"),③1일작업량DB!$J$6:$J$169,0)),"-"),"") -> 개소/일 | J45: =IF($F45="부록4",IFERROR(INDEX(③1일작업량DB!$G$6:$G$169,MATCH(SUBSTITUTE($C45&"|"&$D45,"~","~~"),③1일작업량DB!$J$6:$J$169,0)),""),$I45) -> 12 | K45: 1 | L45: =IFERROR(IF(AND($G45>0,$J45>0,$K45>0),ROUNDUP($G45/($J45*$K45),1),0),0) -> 2.5 | M45: 0 | N45: 0 | O45: =$L45+$M45+$N45 -> 2.5
B46: 39 | C46: 배관 | D46: 관로 경고테이프 설치 | E46: B=200㎜ | F46: 부록4 | G46: 181 | H46: =IF($F46="부록4",IFERROR(INDEX(③1일작업량DB!$H$6:$H$169,MATCH(SUBSTITUTE($C46&"|"&$D46,"~","~~"),③1일작업량DB!$J$6:$J$169,0)),"-"),"") -> m/일 | J46: =IF($F46="부록4",IFERROR(INDEX(③1일작업량DB!$G$6:$G$169,MATCH(SUBSTITUTE($C46&"|"&$D46,"~","~~"),③1일작업량DB!$J$6:$J$169,0)),""),$I46) -> 300 | K46: 1 | L46: =IFERROR(IF(AND($G46>0,$J46>0,$K46>0),ROUNDUP($G46/($J46*$K46),1),0),0) -> 0.7 | M46: 0 | N46: 0 | O46: =$L46+$M46+$N46 -> 0.7
C47: 4.0 우배수공 | O47: =SUM(O48:O60) -> 26.3
B48: 40 | C48: 토공 | D48: 토사굴착(1.0㎥,지장물) | E48: 우수 터파기 토사(육상) | F48: 부록4 | G48: 326.16 | H48: =IF($F48="부록4",IFERROR(INDEX(③1일작업량DB!$H$6:$H$169,MATCH(SUBSTITUTE($C48&"|"&$D48,"~","~~"),③1일작업량DB!$J$6:$J$169,0)),"-"),"") -> ㎥/일 | J48: =IF($F48="부록4",IFERROR(INDEX(③1일작업량DB!$G$6:$G$169,MATCH(SUBSTITUTE($C48&"|"&$D48,"~","~~"),③1일작업량DB!$J$6:$J$169,0)),""),$I48) -> 380 | K48: 1 | L48: =IFERROR(IF(AND($G48>0,$J48>0,$K48>0),ROUNDUP($G48/($J48*$K48),1),0),0) -> 0.9 | M48: 0 | N48: 0 | O48: =$L48+$M48+$N48 -> 0.9
B49: 41 | C49: 토공 | D49: 되메우기 | E49: 관상단 + 관주위 | F49: 부록4 | G49: 251.65 | H49: =IF($F49="부록4",IFERROR(INDEX(③1일작업량DB!$H$6:$H$169,MATCH(SUBSTITUTE($C49&"|"&$D49,"~","~~"),③1일작업량DB!$J$6:$J$169,0)),"-"),"") -> ㎥/일 | J49: =IF($F49="부록4",IFERROR(INDEX(③1일작업량DB!$G$6:$G$169,MATCH(SUBSTITUTE($C49&"|"&$D49,"~","~~"),③1일작업량DB!$J$6:$J$169,0)),""),$I49) -> 42 | K49: 1 | L49: =IFERROR(IF(AND($G49>0,$J49>0,$K49>0),ROUNDUP($G49/($J49*$K49),1),0),0) -> 6 | M49: 0 | N49: 0 | O49: =$L49+$M49+$N49 -> 6
B50: 42 | C50: 토공 | D50: 모래부설(기초) | E50: 관기초 | F50: 부록4 | G50: 33.48 | H50: =IF($F50="부록4",IFERROR(INDEX(③1일작업량DB!$H$6:$H$169,MATCH(SUBSTITUTE($C50&"|"&$D50,"~","~~"),③1일작업량DB!$J$6:$J$169,0)),"-"),"") -> ㎥/일 | J50: =IF($F50="부록4",IFERROR(INDEX(③1일작업량DB!$G$6:$G$169,MATCH(SUBSTITUTE($C50&"|"&$D50,"~","~~"),③1일작업량DB!$J$6:$J$169,0)),""),$I50) -> 60 | K50: 1 | L50: =IFERROR(IF(AND($G50>0,$J50>0,$K50>0),ROUNDUP($G50/($J50*$K50),1),0),0) -> 0.6 | M50: 0 | N50: 0 | O50: =$L50+$M50+$N50 -> 0.6
B51: 43 | C51: 배수공 | D51: 배수관(흄관/VR) | E51: 흄관(B형) D450, 33개소 = 82.5m | F51: 부록4 | G51: 82.5 | H51: =IF($F51="부록4",IFERROR(INDEX(③1일작업량DB!$H$6:$H$169,MATCH(SUBSTITUTE($C51&"|"&$D51,"~","~~"),③1일작업량DB!$J$6:$J$169,0)),"-"),"") -> m/일 | J51: =IF($F51="부록4",IFERROR(INDEX(③1일작업량DB!$G$6:$G$169,MATCH(SUBSTITUTE($C51&"|"&$D51,"~","~~"),③1일작업량DB!$J$6:$J$169,0)),""),$I51) -> 43 | K51: 1 | L51: =IFERROR(IF(AND($G51>0,$J51>0,$K51>0),ROUNDUP($G51/($J51*$K51),1),0),0) -> 2 | M51: 0 | N51: 0 | O51: =$L51+$M51+$N51 -> 2
B52: 44 | C52: 배수공 | D52: 배수관(흄관/VR) | E52: PVC이중벽관 D250, 7개소 = 17.5m | F52: 부록4 | G52: 17.5 | H52: =IF($F52="부록4",IFERROR(INDEX(③1일작업량DB!$H$6:$H$169,MATCH(SUBSTITUTE($C52&"|"&$D52,"~","~~"),③1일작업량DB!$J$6:$J$169,0)),"-"),"") -> m/일 | J52: =IF($F52="부록4",IFERROR(INDEX(③1일작업량DB!$G$6:$G$169,MATCH(SUBSTITUTE($C52&"|"&$D52,"~","~~"),③1일작업량DB!$J$6:$J$169,0)),""),$I52) -> 43 | K52: 1 | L52: =IFERROR(IF(AND($G52>0,$J52>0,$K52>0),ROUNDUP($G52/($J52*$K52),1),0),0) -> 0.5 | M52: 0 | N52: 0 | O52: =$L52+$M52+$N52 -> 0.5
B53: 45 | C53: 배관 | D53: 관절단·플랜지 접합 | E53: D450 4 + D250 8 절단 | F53: 부록4 | G53: 12 | H53: =IF($F53="부록4",IFERROR(INDEX(③1일작업량DB!$H$6:$H$169,MATCH(SUBSTITUTE($C53&"|"&$D53,"~","~~"),③1일작업량DB!$J$6:$J$169,0)),"-"),"") -> 개소/일 | J53: =IF($F53="부록4",IFERROR(INDEX(③1일작업량DB!$G$6:$G$169,MATCH(SUBSTITUTE($C53&"|"&$D53,"~","~~"),③1일작업량DB!$J$6:$J$169,0)),""),$I53) -> 12 | K53: 1 | L53: =IFERROR(IF(AND($G53>0,$J53>0,$K53>0),ROUNDUP($G53/($J53*$K53),1),0),0) -> 1 | M53: 0 | N53: 0 | O53: =$L53+$M53+$N53 -> 1
B54: 46 | C54: 배수공 | D54: 관로 부속설치(커넥터 등) | E54: 단지관 접합 8 + 천공 8 | F54: 부록4 | G54: 16 | H54: =IF($F54="부록4",IFERROR(INDEX(③1일작업량DB!$H$6:$H$169,MATCH(SUBSTITUTE($C54&"|"&$D54,"~","~~"),③1일작업량DB!$J$6:$J$169,0)),"-"),"") -> 개소/일 | J54: =IF($F54="부록4",IFERROR(INDEX(③1일작업량DB!$G$6:$G$169,MATCH(SUBSTITUTE($C54&"|"&$D54,"~","~~"),③1일작업량DB!$J$6:$J$169,0)),""),$I54) -> 10 | K54: 1 | L54: =IFERROR(IF(AND($G54>0,$J54>0,$K54>0),ROUNDUP($G54/($J54*$K54),1),0),0) -> 1.6 | M54: 0 | N54: 0 | O54: =$L54+$M54+$N54 -> 1.6
B55: 47 | C55: 배수공 | D55: 조립식 PC맨홀 설치 | E55: 2호맨홀 5개소 (상하부+연직구체) | F55: 부록4 | G55: 5 | H55: =IF($F55="부록4",IFERROR(INDEX(③1일작업량DB!$H$6:$H$169,MATCH(SUBSTITUTE($C55&"|"&$D55,"~","~~"),③1일작업량DB!$J$6:$J$169,0)),"-"),"") -> 개소/일 | J55: =IF($F55="부록4",IFERROR(INDEX(③1일작업량DB!$G$6:$G$169,MATCH(SUBSTITUTE($C55&"|"&$D55,"~","~~"),③1일작업량DB!$J$6:$J$169,0)),""),$I55) -> 1.5 | K55: 1 | L55: =IFERROR(IF(AND($G55>0,$J55>0,$K55>0),ROUNDUP($G55/($J55*$K55),1),0),0) -> 3.4 | M55: 0 | N55: 0 | O55: =$L55+$M55+$N55 -> 3.4
B56: 48 | C56: 배수공 | D56: PE 우수받이 설치 | E56: 410×510×750, 8개소 | F56: 부록4 | G56: 8 | H56: =IF($F56="부록4",IFERROR(INDEX(③1일작업량DB!$H$6:$H$169,MATCH(SUBSTITUTE($C56&"|"&$D56,"~","~~"),③1일작업량DB!$J$6:$J$169,0)),"-"),"") -> 개소/일 | J56: =IF($F56="부록4",IFERROR(INDEX(③1일작업량DB!$G$6:$G$169,MATCH(SUBSTITUTE($C56&"|"&$D56,"~","~~"),③1일작업량DB!$J$6:$J$169,0)),""),$I56) -> 4 | K56: 1 | L56: =IFERROR(IF(AND($G56>0,$J56>0,$K56>0),ROUNDUP($G56/($J56*$K56),1),0),0) -> 2 | M56: 0 | N56: 0 | O56: =$L56+$M56+$N56 -> 2
B57: 49 | C57: 배수공 | D57: 맨홀뚜껑 설치 | E57: Φ648 우수용 5개소 | F57: 부록4 | G57: 5 | H57: =IF($F57="부록4",IFERROR(INDEX(③1일작업량DB!$H$6:$H$169,MATCH(SUBSTITUTE($C57&"|"&$D57,"~","~~"),③1일작업량DB!$J$6:$J$169,0)),"-"),"") -> 개소/일 | J57: =IF($F57="부록4",IFERROR(INDEX(③1일작업량DB!$G$6:$G$169,MATCH(SUBSTITUTE($C57&"|"&$D57,"~","~~"),③1일작업량DB!$J$6:$J$169,0)),""),$I57) -> 8 | K57: 1 | L57: =IFERROR(IF(AND($G57>0,$J57>0,$K57>0),ROUNDUP($G57/($J57*$K57),1),0),0) -> 0.7 | M57: 0 | N57: 0 | O57: =$L57+$M57+$N57 -> 0.7
B58: 50 | C58: 배수공 | D58: 관로 부속설치(커넥터 등) | E58: 커넥터 10 + 사다리 28 + 고무링 20 | F58: 부록4 | G58: 58 | H58: =IF($F58="부록4",IFERROR(INDEX(③1일작업량DB!$H$6:$H$169,MATCH(SUBSTITUTE($C58&"|"&$D58,"~","~~"),③1일작업량DB!$J$6:$J$169,0)),"-"),"") -> 개소/일 | J58: =IF($F58="부록4",IFERROR(INDEX(③1일작업량DB!$G$6:$G$169,MATCH(SUBSTITUTE($C58&"|"&$D58,"~","~~"),③1일작업량DB!$J$6:$J$169,0)),""),$I58) -> 10 | K58: 1 | L58: =IFERROR(IF(AND($G58>0,$J58>0,$K58>0),ROUNDUP($G58/($J58*$K58),1),0),0) -> 5.8 | M58: 0 | N58: 0 | O58: =$L58+$M58+$N58 -> 5.8
B59: 51 | C59: 철근콘크리트 | D59: 콘크리트타설(무근,f1-Ⅰ) | E59: 맨홀기초 무근 0.5 + 잡석 1.27 | F59: 부록4 | G59: 1.77 | H59: =IF($F59="부록4",IFERROR(INDEX(③1일작업량DB!$H$6:$H$169,MATCH(SUBSTITUTE($C59&"|"&$D59,"~","~~"),③1일작업량DB!$J$6:$J$169,0)),"-"),"") -> ㎥/일 | J59: =IF($F59="부록4",IFERROR(INDEX(③1일작업량DB!$G$6:$G$169,MATCH(SUBSTITUTE($C59&"|"&$D59,"~","~~"),③1일작업량DB!$J$6:$J$169,0)),""),$I59) -> 189 | K59: 1 | L59: =IFERROR(IF(AND($G59>0,$J59>0,$K59>0),ROUNDUP($G59/($J59*$K59),1),0),0) -> 0.1 | M59: 0 | N59: 0 | O59: =$L59+$M59+$N59 -> 0.1
B60: 52 | C60: 부대공 | D60: 수압·수밀시험 | E60: 원형 2호맨홀 5개소 | F60: 부록4 | G60: 5 | H60: =IF($F60="부록4",IFERROR(INDEX(③1일작업량DB!$H$6:$H$169,MATCH(SUBSTITUTE($C60&"|"&$D60,"~","~~"),③1일작업량DB!$J$6:$J$169,0)),"-"),"") -> 개소/일 | J60: =IF($F60="부록4",IFERROR(INDEX(③1일작업량DB!$G$6:$G$169,MATCH(SUBSTITUTE($C60&"|"&$D60,"~","~~"),③1일작업량DB!$J$6:$J$169,0)),""),$I60) -> 3 | K60: 1 | L60: =IFERROR(IF(AND($G60>0,$J60>0,$K60>0),ROUNDUP($G60/($J60*$K60),1),0),0) -> 1.7 | M60: 0 | N60: 0 | O60: =$L60+$M60+$N60 -> 1.7
C61: 5.0 가시설공 | O61: =SUM(O62:O79) -> 96.2
B62: 53 | C62: 가시설 | D62: 강널말뚝 천공 및 근입 | E62: KWSP ⅢA-400 토사천공 2,516m | F62: 부록4 | G62: 2516 | H62: =IF($F62="부록4",IFERROR(INDEX(③1일작업량DB!$H$6:$H$169,MATCH(SUBSTITUTE($C62&"|"&$D62,"~","~~"),③1일작업량DB!$J$6:$J$169,0)),"-"),"") -> m/일 | J62: =IF($F62="부록4",IFERROR(INDEX(③1일작업량DB!$G$6:$G$169,MATCH(SUBSTITUTE($C62&"|"&$D62,"~","~~"),③1일작업량DB!$J$6:$J$169,0)),""),$I62) -> 85 | K62: 2 | L62: =IFERROR(IF(AND($G62>0,$J62>0,$K62>0),ROUNDUP($G62/($J62*$K62),1),0),0) -> 14.8 | M62: 0 | N62: 0 | O62: =$L62+$M62+$N62 -> 14.8
B63: 54 | C63: 가시설 | D63: 천공홀 되메우기 | E63: 모래 채움 1,924m | F63: 부록4 | G63: 1924 | H63: =IF($F63="부록4",IFERROR(INDEX(③1일작업량DB!$H$6:$H$169,MATCH(SUBSTITUTE($C63&"|"&$D63,"~","~~"),③1일작업량DB!$J$6:$J$169,0)),"-"),"") -> m/일 | J63: =IF($F63="부록4",IFERROR(INDEX(③1일작업량DB!$G$6:$G$169,MATCH(SUBSTITUTE($C63&"|"&$D63,"~","~~"),③1일작업량DB!$J$6:$J$169,0)),""),$I63) -> 200 | K63: 1 | L63: =IFERROR(IF(AND($G63>0,$J63>0,$K63>0),ROUNDUP($G63/($J63*$K63),1),0),0) -> 9.7 | M63: 0 | N63: 0 | O63: =$L63+$M63+$N63 -> 9.7
B64: 55 | C64: 가시설 | D64: 강널말뚝 항타 | E64: 296본 (평균 L=8.5m) | F64: 부록4 | G64: 296 | H64: =IF($F64="부록4",IFERROR(INDEX(③1일작업량DB!$H$6:$H$169,MATCH(SUBSTITUTE($C64&"|"&$D64,"~","~~"),③1일작업량DB!$J$6:$J$169,0)),"-"),"") -> 본/일 | J64: =IF($F64="부록4",IFERROR(INDEX(③1일작업량DB!$G$6:$G$169,MATCH(SUBSTITUTE($C64&"|"&$D64,"~","~~"),③1일작업량DB!$J$6:$J$169,0)),""),$I64) -> 10 | K64: 2 | L64: =IFERROR(IF(AND($G64>0,$J64>0,$K64>0),ROUNDUP($G64/($J64*$K64),1),0),0) -> 14.8 | M64: 0 | N64: 0 | O64: =$L64+$M64+$N64 -> 14.8
B65: 56 | C65: 가시설 | D65: 강널말뚝 인발 | E65: 296본 | F65: 부록4 | G65: 296 | H65: =IF($F65="부록4",IFERROR(INDEX(③1일작업량DB!$H$6:$H$169,MATCH(SUBSTITUTE($C65&"|"&$D65,"~","~~"),③1일작업량DB!$J$6:$J$169,0)),"-"),"") -> 본/일 | J65: =IF($F65="부록4",IFERROR(INDEX(③1일작업량DB!$G$6:$G$169,MATCH(SUBSTITUTE($C65&"|"&$D65,"~","~~"),③1일작업량DB!$J$6:$J$169,0)),""),$I65) -> 12 | K65: 2 | L65: =IFERROR(IF(AND($G65>0,$J65>0,$K65>0),ROUNDUP($G65/($J65*$K65),1),0),0) -> 12.4 | M65: 0 | N65: 0 | O65: =$L65+$M65+$N65 -> 12.4
B66: 57 | C66: 가시설 | D66: 중간말뚝 천공 및 근입 | E66: H-300 토사천공 170m | F66: 부록4 | G66: 170 | H66: =IF($F66="부록4",IFERROR(INDEX(③1일작업량DB!$H$6:$H$169,MATCH(SUBSTITUTE($C66&"|"&$D66,"~","~~"),③1일작업량DB!$J$6:$J$169,0)),"-"),"") -> m/일 | J66: =IF($F66="부록4",IFERROR(INDEX(③1일작업량DB!$G$6:$G$169,MATCH(SUBSTITUTE($C66&"|"&$D66,"~","~~"),③1일작업량DB!$J$6:$J$169,0)),""),$I66) -> 85 | K66: 1 | L66: =IFERROR(IF(AND($G66>0,$J66>0,$K66>0),ROUNDUP($G66/($J66*$K66),1),0),0) -> 2 | M66: 0 | N66: 0 | O66: =$L66+$M66+$N66 -> 2
B67: 58 | C67: 가시설 | D67: 중간말뚝 항타 | E67: 20본 | F67: 부록4 | G67: 20 | H67: =IF($F67="부록4",IFERROR(INDEX(③1일작업량DB!$H$6:$H$169,MATCH(SUBSTITUTE($C67&"|"&$D67,"~","~~"),③1일작업량DB!$J$6:$J$169,0)),"-"),"") -> 본/일 | J67: =IF($F67="부록4",IFERROR(INDEX(③1일작업량DB!$G$6:$G$169,MATCH(SUBSTITUTE($C67&"|"&$D67,"~","~~"),③1일작업량DB!$J$6:$J$169,0)),""),$I67) -> 10 | K67: 1 | L67: =IFERROR(IF(AND($G67>0,$J67>0,$K67>0),ROUNDUP($G67/($J67*$K67),1),0),0) -> 2 | M67: 0 | N67: 0 | O67: =$L67+$M67+$N67 -> 2
B68: 59 | C68: 가시설 | D68: 중간말뚝 인발 | E68: 20본 | F68: 부록4 | G68: 20 | H68: =IF($F68="부록4",IFERROR(INDEX(③1일작업량DB!$H$6:$H$169,MATCH(SUBSTITUTE($C68&"|"&$D68,"~","~~"),③1일작업량DB!$J$6:$J$169,0)),"-"),"") -> 본/일 | J68: =IF($F68="부록4",IFERROR(INDEX(③1일작업량DB!$G$6:$G$169,MATCH(SUBSTITUTE($C68&"|"&$D68,"~","~~"),③1일작업량DB!$J$6:$J$169,0)),""),$I68) -> 12 | K68: 1 | L68: =IFERROR(IF(AND($G68>0,$J68>0,$K68>0),ROUNDUP($G68/($J68*$K68),1),0),0) -> 1.7 | M68: 0 | N68: 0 | O68: =$L68+$M68+$N68 -> 1.7
B69: 60 | C69: 가시설 | D69: 띠장 설치 | E69: H-300 (6~8m 1본 + 9~11m 13본) | F69: 부록4 | G69: 14 | H69: =IF($F69="부록4",IFERROR(INDEX(③1일작업량DB!$H$6:$H$169,MATCH(SUBSTITUTE($C69&"|"&$D69,"~","~~"),③1일작업량DB!$J$6:$J$169,0)),"-"),"") -> 본/일 | J69: =IF($F69="부록4",IFERROR(INDEX(③1일작업량DB!$G$6:$G$169,MATCH(SUBSTITUTE($C69&"|"&$D69,"~","~~"),③1일작업량DB!$J$6:$J$169,0)),""),$I69) -> 6 | K69: 1 | L69: =IFERROR(IF(AND($G69>0,$J69>0,$K69>0),ROUNDUP($G69/($J69*$K69),1),0),0) -> 2.4 | M69: 0 | N69: 0 | O69: =$L69+$M69+$N69 -> 2.4
B70: 61 | C70: 가시설 | D70: 띠장 철거 | E70: H-300 14본 | F70: 부록4 | G70: 14 | H70: =IF($F70="부록4",IFERROR(INDEX(③1일작업량DB!$H$6:$H$169,MATCH(SUBSTITUTE($C70&"|"&$D70,"~","~~"),③1일작업량DB!$J$6:$J$169,0)),"-"),"") -> 본/일 | J70: =IF($F70="부록4",IFERROR(INDEX(③1일작업량DB!$G$6:$G$169,MATCH(SUBSTITUTE($C70&"|"&$D70,"~","~~"),③1일작업량DB!$J$6:$J$169,0)),""),$I70) -> 8 | K70: 1 | L70: =IFERROR(IF(AND($G70>0,$J70>0,$K70>0),ROUNDUP($G70/($J70*$K70),1),0),0) -> 1.8 | M70: 0 | N70: 0 | O70: =$L70+$M70+$N70 -> 1.8
B71: 62 | C71: 가시설 | D71: 버팀보 설치 | E71: H-300 (6~8m 3본 + 9~11m 6본) | F71: 부록4 | G71: 9 | H71: =IF($F71="부록4",IFERROR(INDEX(③1일작업량DB!$H$6:$H$169,MATCH(SUBSTITUTE($C71&"|"&$D71,"~","~~"),③1일작업량DB!$J$6:$J$169,0)),"-"),"") -> 본/일 | J71: =IF($F71="부록4",IFERROR(INDEX(③1일작업량DB!$G$6:$G$169,MATCH(SUBSTITUTE($C71&"|"&$D71,"~","~~"),③1일작업량DB!$J$6:$J$169,0)),""),$I71) -> 5 | K71: 1 | L71: =IFERROR(IF(AND($G71>0,$J71>0,$K71>0),ROUNDUP($G71/($J71*$K71),1),0),0) -> 1.8 | M71: 0 | N71: 0 | O71: =$L71+$M71+$N71 -> 1.8
B72: 63 | C72: 가시설 | D72: 버팀보 철거 | E72: H-300 9본 | F72: 부록4 | G72: 9 | H72: =IF($F72="부록4",IFERROR(INDEX(③1일작업량DB!$H$6:$H$169,MATCH(SUBSTITUTE($C72&"|"&$D72,"~","~~"),③1일작업량DB!$J$6:$J$169,0)),"-"),"") -> 본/일 | J72: =IF($F72="부록4",IFERROR(INDEX(③1일작업량DB!$G$6:$G$169,MATCH(SUBSTITUTE($C72&"|"&$D72,"~","~~"),③1일작업량DB!$J$6:$J$169,0)),""),$I72) -> 7 | K72: 1 | L72: =IFERROR(IF(AND($G72>0,$J72>0,$K72>0),ROUNDUP($G72/($J72*$K72),1),0),0) -> 1.3 | M72: 0 | N72: 0 | O72: =$L72+$M72+$N72 -> 1.3
B73: 64 | C73: 가시설 | D73: 사보강재 설치 | E73: H-300 (3~5m 7 + 6~8m 12 + 9~11m 10) | F73: 부록4 | G73: 29 | H73: =IF($F73="부록4",IFERROR(INDEX(③1일작업량DB!$H$6:$H$169,MATCH(SUBSTITUTE($C73&"|"&$D73,"~","~~"),③1일작업량DB!$J$6:$J$169,0)),"-"),"") -> 본/일 | J73: =IF($F73="부록4",IFERROR(INDEX(③1일작업량DB!$G$6:$G$169,MATCH(SUBSTITUTE($C73&"|"&$D73,"~","~~"),③1일작업량DB!$J$6:$J$169,0)),""),$I73) -> 6 | K73: 1 | L73: =IFERROR(IF(AND($G73>0,$J73>0,$K73>0),ROUNDUP($G73/($J73*$K73),1),0),0) -> 4.9 | M73: 0 | N73: 0 | O73: =$L73+$M73+$N73 -> 4.9
... B79: 70 | C79: 가시설 | D79: 조립식 간이흙막이 | E79: 구내배관 관로 70.8 + 구조물 7.5 | F79: 부록4 | G79: 78.3 | H79: =IF($F79="부록4",IFERROR(INDEX(③1일작업량DB!$H$6:$H$169,MATCH(SUBSTITUTE($C79&"|"&$D79,"~","~~"),③1일작업량DB!$J$6:$J$169,0)),"-"),"") -> m/일 | J79: =IF($F79="부록4",IFERROR(INDEX(③1일작업량DB!$G$6:$G$169,MATCH(SUBSTITUTE($C79&"|"&$D79,"~","~~"),③1일작업량DB!$J$6:$J$169,0)),""),$I79) -> 25 | K79: 1 | L79: =IFERROR(IF(AND($G79>0,$J79>0,$K79>0),ROUNDUP($G79/($J79*$K79),1),0),0) -> 3.2 | M79: 0 | N79: 0 | O79: =$L79+$M79+$N79 -> 3.2
C80: 6.0 기존시설 철거공 | O80: =SUM(O81:O88) -> 12.4
B81: 71 | C81: 토공 | D81: 토사굴착(1.0㎥,지장물) | E81: 터파기 토사(육상) B.H 0.7 | F81: 부록4 | G81: 236.03 | H81: =IF($F81="부록4",IFERROR(INDEX(③1일작업량DB!$H$6:$H$169,MATCH(SUBSTITUTE($C81&"|"&$D81,"~","~~"),③1일작업량DB!$J$6:$J$169,0)),"-"),"") -> ㎥/일 | J81: =IF($F81="부록4",IFERROR(INDEX(③1일작업량DB!$G$6:$G$169,MATCH(SUBSTITUTE($C81&"|"&$D81,"~","~~"),③1일작업량DB!$J$6:$J$169,0)),""),$I81) -> 380 | K81: 1 | L81: =IFERROR(IF(AND($G81>0,$J81>0,$K81>0),ROUNDUP($G81/($J81*$K81),1),0),0) -> 0.7 | M81: 0 | N81: 0 | O81: =$L81+$M81+$N81 -> 0.7
B82: 72 | C82: 토공 | D82: 되메우기 | E82: 관상단 B.H 0.7 | F82: 부록4 | G82: 262.04 | H82: =IF($F82="부록4",IFERROR(INDEX(③1일작업량DB!$H$6:$H$169,MATCH(SUBSTITUTE($C82&"|"&$D82,"~","~~"),③1일작업량DB!$J$6:$J$169,0)),"-"),"") -> ㎥/일 | J82: =IF($F82="부록4",IFERROR(INDEX(③1일작업량DB!$G$6:$G$169,MATCH(SUBSTITUTE($C82&"|"&$D82,"~","~~"),③1일작업량DB!$J$6:$J$169,0)),""),$I82) -> 42 | K82: 1 | L82: =IFERROR(IF(AND($G82>0,$J82>0,$K82>0),ROUNDUP($G82/($J82*$K82),1),0),0) -> 6.3 | M82: 0 | N82: 0 | O82: =$L82+$M82+$N82 -> 6.3
B83: 73 | C83: 철거 | D83: 무근콘크리트 깨기 | E83: T=300㎜ 미만 | F83: 부록4 | G83: 21.98 | H83: =IF($F83="부록4",IFERROR(INDEX(③1일작업량DB!$H$6:$H$169,MATCH(SUBSTITUTE($C83&"|"&$D83,"~","~~"),③1일작업량DB!$J$6:$J$169,0)),"-"),"") -> ㎥/일 | J83: =IF($F83="부록4",IFERROR(INDEX(③1일작업량DB!$G$6:$G$169,MATCH(SUBSTITUTE($C83&"|"&$D83,"~","~~"),③1일작업량DB!$J$6:$J$169,0)),""),$I83) -> 25 | K83: 1 | L83: =IFERROR(IF(AND($G83>0,$J83>0,$K83>0),ROUNDUP($G83/($J83*$K83),1),0),0) -> 0.9 | M83: 0 | N83: 0 | O83: =$L83+$M83+$N83 -> 0.9
B84: 74 | C84: 철거 | D84: 철근콘크리트 깨기 | E84: T=300㎜ 미만 | F84: 부록4 | G84: 3.89 | H84: =IF($F84="부록4",IFERROR(INDEX(③1일작업량DB!$H$6:$H$169,MATCH(SUBSTITUTE($C84&"|"&$D84,"~","~~"),③1일작업량DB!$J$6:$J$169,0)),"-"),"") -> ㎥/일 | J84: =IF($F84="부록4",IFERROR(INDEX(③1일작업량DB!$G$6:$G$169,MATCH(SUBSTITUTE($C84&"|"&$D84,"~","~~"),③1일작업량DB!$J$6:$J$169,0)),""),$I84) -> 18 | K84: 1 | L84: =IFERROR(IF(AND($G84>0,$J84>0,$K84>0),ROUNDUP($G84/($J84*$K84),1),0),0) -> 0.3 | M84: 0 | N84: 0 | O84: =$L84+$M84+$N84 -> 0.3
B85: 75 | C85: 포장 | D85: 포장깨기 | E85: A.S.P T=0.05 11 + T=0.10 22 | F85: 부록4 | G85: 33 | H85: =IF($F85="부록4",IFERROR(INDEX(③1일작업량DB!$H$6:$H$169,MATCH(SUBSTITUTE($C85&"|"&$D85,"~","~~"),③1일작업량DB!$J$6:$J$169,0)),"-"),"") -> ㎥/일 | J85: =IF($F85="부록4",IFERROR(INDEX(③1일작업량DB!$G$6:$G$169,MATCH(SUBSTITUTE($C85&"|"&$D85,"~","~~"),③1일작업량DB!$J$6:$J$169,0)),""),$I85) -> 60 | K85: 1 | L85: =IFERROR(IF(AND($G85>0,$J85>0,$K85>0),ROUNDUP($G85/($J85*$K85),1),0),0) -> 0.6 | M85: 0 | N85: 0 | O85: =$L85+$M85+$N85 -> 0.6
B86: 76 | C86: 포장 | D86: 포장절단 | E86: A.S.P 82.72m | F86: 부록4 | G86: 82.72 | H86: =IF($F86="부록4",IFERROR(INDEX(③1일작업량DB!$H$6:$H$169,MATCH(SUBSTITUTE($C86&"|"&$D86,"~","~~"),③1일작업량DB!$J$6:$J$169,0)),"-"),"") -> m/일 | J86: =IF($F86="부록4",IFERROR(INDEX(③1일작업량DB!$G$6:$G$169,MATCH(SUBSTITUTE($C86&"|"&$D86,"~","~~"),③1일작업량DB!$J$6:$J$169,0)),""),$I86) -> 120 | K86: 1 | L86: =IFERROR(IF(AND($G86>0,$J86>0,$K86>0),ROUNDUP($G86/($J86*$K86),1),0),0) -> 0.7 | M86: 0 | N86: 0 | O86: =$L86+$M86+$N86 -> 0.7
B87: 77 | C87: 포장 | D87: 아스팔트 포장 복구 | E87: 표층+기층 T=0.15m | F87: 부록4 | G87: 36.7 | H87: =IF($F87="부록4",IFERROR(INDEX(③1일작업량DB!$H$6:$H$169,MATCH(SUBSTITUTE($C87&"|"&$D87,"~","~~"),③1일작업량DB!$J$6:$J$169,0)),"-"),"") -> ㎡/일 | J87: =IF($F87="부록4",IFERROR(INDEX(③1일작업량DB!$G$6:$G$169,MATCH(SUBSTITUTE($C87&"|"&$D87,"~","~~"),③1일작업량DB!$J$6:$J$169,0)),""),$I87) -> 400 | K87: 1 | L87: =IFERROR(IF(AND($G87>0,$J87>0,$K87>0),ROUNDUP($G87/($J87*$K87),1),0),0) -> 0.1 | M87: 0 | N87: 0 | O87: =$L87+$M87+$N87 -> 0.1
B88: 78 | C88: 가시설 | D88: 조립식 간이흙막이 | E88: 관로 62 + 구조물 7.5 | F88: 부록4 | G88: 69.5 | H88: =IF($F88="부록4",IFERROR(INDEX(③1일작업량DB!$H$6:$H$169,MATCH(SUBSTITUTE($C88&"|"&$D88,"~","~~"),③1일작업량DB!$J$6:$J$169,0)),"-"),"") -> m/일 | J88: =IF($F88="부록4",IFERROR(INDEX(③1일작업량DB!$G$6:$G$169,MATCH(SUBSTITUTE($C88&"|"&$D88,"~","~~"),③1일작업량DB!$J$6:$J$169,0)),""),$I88) -> 25 | K88: 1 | L88: =IFERROR(IF(AND($G88>0,$J88>0,$K88>0),ROUNDUP($G88/($J88*$K88),1),0),0) -> 2.8 | M88: 0 | N88: 0 | O88: =$L88+$M88+$N88 -> 2.8
C89: 7.0 포장공 | O89: =SUM(O90:O100) -> 7.6
B90: 79 | C90: 토공 | D90: 터파기(토사) | E90: 포장 토공 토사(육상) | F90: 부록4 | G90: 234.66 | H90: =IF($F90="부록4",IFERROR(INDEX(③1일작업량DB!$H$6:$H$169,MATCH(SUBSTITUTE($C90&"|"&$D90,"~","~~"),③1일작업량DB!$J$6:$J$169,0)),"-"),"") -> ㎥/일 | J90: =IF($F90="부록4",IFERROR(INDEX(③1일작업량DB!$G$6:$G$169,MATCH(SUBSTITUTE($C90&"|"&$D90,"~","~~"),③1일작업량DB!$J$6:$J$169,0)),""),$I90) -> 349 | K90: 1 | L90: =IFERROR(IF(AND($G90>0,$J90>0,$K90>0),ROUNDUP($G90/($J90*$K90),1),0),0) -> 0.7 | M90: 0 | N90: 0 | O90: =$L90+$M90+$N90 -> 0.7
B91: 80 | C91: 포장 | D91: 포장절단 | E91: A.S.P 281.02m | F91: 부록4 | G91: 281.02 | H91: =IF($F91="부록4",IFERROR(INDEX(③1일작업량DB!$H$6:$H$169,MATCH(SUBSTITUTE($C91&"|"&$D91,"~","~~"),③1일작업량DB!$J$6:$J$169,0)),"-"),"") -> m/일 | J91: =IF($F91="부록4",IFERROR(INDEX(③1일작업량DB!$G$6:$G$169,MATCH(SUBSTITUTE($C91&"|"&$D91,"~","~~"),③1일작업량DB!$J$6:$J$169,0)),""),$I91) -> 120 | K91: 1 | L91: =IFERROR(IF(AND($G91>0,$J91>0,$K91>0),ROUNDUP($G91/($J91*$K91),1),0),0) -> 2.4 | M91: 0 | N91: 0 | O91: =$L91+$M91+$N91 -> 2.4
B92: 81 | C92: 포장 | D92: 포장깨기 | E92: B.H 0.7 | F92: 부록4 | G92: 26.27 | H92: =IF($F92="부록4",IFERROR(INDEX(③1일작업량DB!$H$6:$H$169,MATCH(SUBSTITUTE($C92&"|"&$D92,"~","~~"),③1일작업량DB!$J$6:$J$169,0)),"-"),"") -> ㎥/일 | J92: =IF($F92="부록4",IFERROR(INDEX(③1일작업량DB!$G$6:$G$169,MATCH(SUBSTITUTE($C92&"|"&$D92,"~","~~"),③1일작업량DB!$J$6:$J$169,0)),""),$I92) -> 60 | K92: 1 | L92: =IFERROR(IF(AND($G92>0,$J92>0,$K92>0),ROUNDUP($G92/($J92*$K92),1),0),0) -> 0.5 | M92: 0 | N92: 0 | O92: =$L92+$M92+$N92 -> 0.5
B93: 82 | C93: 포장 | D93: 아스팔트 보조기층 | E93: 보조기층 T=25㎝ | F93: 부록4 | G93: 141.56 | H93: =IF($F93="부록4",IFERROR(INDEX(③1일작업량DB!$H$6:$H$169,MATCH(SUBSTITUTE($C93&"|"&$D93,"~","~~"),③1일작업량DB!$J$6:$J$169,0)),"-"),"") -> ㎥/일 | J93: =IF($F93="부록4",IFERROR(INDEX(③1일작업량DB!$G$6:$G$169,MATCH(SUBSTITUTE($C93&"|"&$D93,"~","~~"),③1일작업량DB!$J$6:$J$169,0)),""),$I93) -> 550 | K93: 1 | L93: =IFERROR(IF(AND($G93>0,$J93>0,$K93>0),ROUNDUP($G93/($J93*$K93),1),0),0) -> 0.3 | M93: 0 | N93: 0 | O93: =$L93+$M93+$N93 -> 0.3
B94: 83 | C94: 포장 | D94: 아스팔트 보조기층 | E94: 혼합기층 T=20㎝ | F94: 부록4 | G94: 113.24 | H94: =IF($F94="부록4",IFERROR(INDEX(③1일작업량DB!$H$6:$H$169,MATCH(SUBSTITUTE($C94&"|"&$D94,"~","~~"),③1일작업량DB!$J$6:$J$169,0)),"-"),"") -> ㎥/일 | J94: =IF($F94="부록4",IFERROR(INDEX(③1일작업량DB!$G$6:$G$169,MATCH(SUBSTITUTE($C94&"|"&$D94,"~","~~"),③1일작업량DB!$J$6:$J$169,0)),""),$I94) -> 550 | K94: 1 | L94: =IFERROR(IF(AND($G94>0,$J94>0,$K94>0),ROUNDUP($G94/($J94*$K94),1),0),0) -> 0.3 | M94: 0 | N94: 0 | O94: =$L94+$M94+$N94 -> 0.3
B95: 84 | C95: 포장 | D95: 프라임코팅 | E95: RSC-3 | F95: 부록4 | G95: 566.22 | H95: =IF($F95="부록4",IFERROR(INDEX(③1일작업량DB!$H$6:$H$169,MATCH(SUBSTITUTE($C95&"|"&$D95,"~","~~"),③1일작업량DB!$J$6:$J$169,0)),"-"),"") -> ㎡/일 | J95: =IF($F95="부록4",IFERROR(INDEX(③1일작업량DB!$G$6:$G$169,MATCH(SUBSTITUTE($C95&"|"&$D95,"~","~~"),③1일작업량DB!$J$6:$J$169,0)),""),$I95) -> 3000 | K95: 1 | L95: =IFERROR(IF(AND($G95>0,$J95>0,$K95>0),ROUNDUP($G95/($J95*$K95),1),0),0) -> 0.2 | M95: 0 | N95: 0 | O95: =$L95+$M95+$N95 -> 0.2
B96: 85 | C96: 포장 | D96: 아스팔트 기층(8~10㎝) | E96: 아스콘 #467 포설/다짐 | F96: 부록4 | G96: 566.22 | H96: =IF($F96="부록4",IFERROR(INDEX(③1일작업량DB!$H$6:$H$169,MATCH(SUBSTITUTE($C96&"|"&$D96,"~","~~"),③1일작업량DB!$J$6:$J$169,0)),"-"),"") -> ㎡/일 | J96: =IF($F96="부록4",IFERROR(INDEX(③1일작업량DB!$G$6:$G$169,MATCH(SUBSTITUTE($C96&"|"&$D96,"~","~~"),③1일작업량DB!$J$6:$J$169,0)),""),$I96) -> 4500 | K96: 1 | L96: =IFERROR(IF(AND($G96>0,$J96>0,$K96>0),ROUNDUP($G96/($J96*$K96),1),0),0) -> 0.2 | M96: 0 | N96: 0 | O96: =$L96+$M96+$N96 -> 0.2
B97: 86 | C97: 포장 | D97: 택코팅 | E97: RSC-4 | F97: 부록4 | G97: 566.22 | H97: =IF($F97="부록4",IFERROR(INDEX(③1일작업량DB!$H$6:$H$169,MATCH(SUBSTITUTE($C97&"|"&$D97,"~","~~"),③1일작업량DB!$J$6:$J$169,0)),"-"),"") -> ㎡/일 | J97: =IF($F97="부록4",IFERROR(INDEX(③1일작업량DB!$G$6:$G$169,MATCH(SUBSTITUTE($C97&"|"&$D97,"~","~~"),③1일작업량DB!$J$6:$J$169,0)),""),$I97) -> 3000 | K97: 1 | L97: =IFERROR(IF(AND($G97>0,$J97>0,$K97>0),ROUNDUP($G97/($J97*$K97),1),0),0) -> 0.2 | M97: 0 | N97: 0 | O97: =$L97+$M97+$N97 -> 0.2
B98: 87 | C98: 포장 | D98: 아스팔트 중간/표층 | E98: 아스콘 #78 포설/다짐 | F98: 부록4 | G98: 566.22 | H98: =IF($F98="부록4",IFERROR(INDEX(③1일작업량DB!$H$6:$H$169,MATCH(SUBSTITUTE($C98&"|"&$D98,"~","~~"),③1일작업량DB!$J$6:$J$169,0)),"-"),"") -> ㎡/일 | J98: =IF($F98="부록4",IFERROR(INDEX(③1일작업량DB!$G$6:$G$169,MATCH(SUBSTITUTE($C98&"|"&$D98,"~","~~"),③1일작업량DB!$J$6:$J$169,0)),""),$I98) -> 4800 | K98: 1 | L98: =IFERROR(IF(AND($G98>0,$J98>0,$K98>0),ROUNDUP($G98/($J98*$K98),1),0),0) -> 0.2 | M98: 0 | N98: 0 | O98: =$L98+$M98+$N98 -> 0.2
B99: 88 | C99: 포장 | D99: 보차도경계석 설치 | E99: 직선 140 + 곡선 10 | F99: 부록4 | G99: 150 | H99: =IF($F99="부록4",IFERROR(INDEX(③1일작업량DB!$H$6:$H$169,MATCH(SUBSTITUTE($C99&"|"&$D99,"~","~~"),③1일작업량DB!$J$6:$J$169,0)),"-"),"") -> m/일 | J99: =IF($F99="부록4",IFERROR(INDEX(③1일작업량DB!$G$6:$G$169,MATCH(SUBSTITUTE($C99&"|"&$D99,"~","~~"),③1일작업량DB!$J$6:$J$169,0)),""),$I99) -> 60 | K99: 1 | L99: =IFERROR(IF(AND($G99>0,$J99>0,$K99>0),ROUNDUP($G99/($J99*$K99),1),0),0) -> 2.5 | M99: 0 | N99: 0 | O99: =$L99+$M99+$N99 -> 2.5
B100: 89 | C100: 포장 | D100: 차선도색 | E100: 수용성 황색실선 | F100: 부록4 | G100: 21.57 | H100: =IF($F100="부록4",IFERROR(INDEX(③1일작업량DB!$H$6:$H$169,MATCH(SUBSTITUTE($C100&"|"&$D100,"~","~~"),③1일작업량DB!$J$6:$J$169,0)),"-"),"") -> ㎡/일 | J100: =IF($F100="부록4",IFERROR(INDEX(③1일작업량DB!$G$6:$G$169,MATCH(SUBSTITUTE($C100&"|"&$D100,"~","~~"),③1일작업량DB!$J$6:$J$169,0)),""),$I100) -> 300 | K100: 1 | L100: =IFERROR(IF(AND($G100>0,$J100>0,$K100>0),ROUNDUP($G100/($J100*$K100),1),0),0) -> 0.1 | M100: 0 | N100: 0 | O100: =$L100+$M100+$N100 -> 0.1
C101: 8.0 부대공 | O101: =SUM(O102:O118) -> 29.8
B102: 90 | C102: 부대공 | D102: 기존구조물 천공 | E102: D150~200, T=250~500㎜ 3개소 | F102: 부록4 | G102: 3 | H102: =IF($F102="부록4",IFERROR(INDEX(③1일작업량DB!$H$6:$H$169,MATCH(SUBSTITUTE($C102&"|"&$D102,"~","~~"),③1일작업량DB!$J$6:$J$169,0)),"-"),"") -> 개소/일 | J102: =IF($F102="부록4",IFERROR(INDEX(③1일작업량DB!$G$6:$G$169,MATCH(SUBSTITUTE($C102&"|"&$D102,"~","~~"),③1일작업량DB!$J$6:$J$169,0)),""),$I102) -> 2 | K102: 1 | L102: =IFERROR(IF(AND($G102>0,$J102>0,$K102>0),ROUNDUP($G102/($J102*$K102),1),0),0) -> 1.5 | M102: 0 | N102: 0 | O102: =$L102+$M102+$N102 -> 1.5
B103: 91 | C103: 토공 | D103: 터파기(토사) | E103: 시험터파기 (인력) | F103: 부록4 | G103: 21.38 | H103: =IF($F103="부록4",IFERROR(INDEX(③1일작업량DB!$H$6:$H$169,MATCH(SUBSTITUTE($C103&"|"&$D103,"~","~~"),③1일작업량DB!$J$6:$J$169,0)),"-"),"") -> ㎥/일 | J103: =IF($F103="부록4",IFERROR(INDEX(③1일작업량DB!$G$6:$G$169,MATCH(SUBSTITUTE($C103&"|"&$D103,"~","~~"),③1일작업량DB!$J$6:$J$169,0)),""),$I103) -> 349 | K103: 1 | L103: =IFERROR(IF(AND($G103>0,$J103>0,$K103>0),ROUNDUP($G103/($J103*$K103),1),0),0) -> 0.1 | M103: 0 | N103: 0 | O103: =$L103+$M103+$N103 -> 0.1
B104: 92 | C104: 토공 | D104: 되메우기 | E104: 시험터파기 되메우기 | F104: 부록4 | G104: 21.38 | H104: =IF($F104="부록4",IFERROR(INDEX(③1일작업량DB!$H$6:$H$169,MATCH(SUBSTITUTE($C104&"|"&$D104,"~","~~"),③1일작업량DB!$J$6:$J$169,0)),"-"),"") -> ㎥/일 | J104: =IF($F104="부록4",IFERROR(INDEX(③1일작업량DB!$G$6:$G$169,MATCH(SUBSTITUTE($C104&"|"&$D104,"~","~~"),③1일작업량DB!$J$6:$J$169,0)),""),$I104) -> 42 | K104: 1 | L104: =IFERROR(IF(AND($G104>0,$J104>0,$K104>0),ROUNDUP($G104/($J104*$K104),1),0),0) -> 0.6 | M104: 0 | N104: 0 | O104: =$L104+$M104+$N104 -> 0.6
B105: 93 | C105: 부대공 | D105: 메쉬휀스 설치 | E105: W2.0×H1.5, 42경간 | F105: 부록4 | G105: 42 | H105: =IF($F105="부록4",IFERROR(INDEX(③1일작업량DB!$H$6:$H$169,MATCH(SUBSTITUTE($C105&"|"&$D105,"~","~~"),③1일작업량DB!$J$6:$J$169,0)),"-"),"") -> 경간/일 | J105: =IF($F105="부록4",IFERROR(INDEX(③1일작업량DB!$G$6:$G$169,MATCH(SUBSTITUTE($C105&"|"&$D105,"~","~~"),③1일작업량DB!$J$6:$J$169,0)),""),$I105) -> 8 | K105: 1 | L105: =IFERROR(IF(AND($G105>0,$J105>0,$K105>0),ROUNDUP($G105/($J105*$K105),1),0),0) -> 5.3 | M105: 0 | N105: 0 | O105: =$L105+$M105+$N105 -> 5.3
B106: 94 | C106: 부대공 | D106: 기존 휀스 철거 | E106: W2.0×H1.5, 24경간 | F106: 부록4 | G106: 24 | H106: =IF($F106="부록4",IFERROR(INDEX(③1일작업량DB!$H$6:$H$169,MATCH(SUBSTITUTE($C106&"|"&$D106,"~","~~"),③1일작업량DB!$J$6:$J$169,0)),"-"),"") -> 경간/일 | J106: =IF($F106="부록4",IFERROR(INDEX(③1일작업량DB!$G$6:$G$169,MATCH(SUBSTITUTE($C106&"|"&$D106,"~","~~"),③1일작업량DB!$J$6:$J$169,0)),""),$I106) -> 15 | K106: 1 | L106: =IFERROR(IF(AND($G106>0,$J106>0,$K106>0),ROUNDUP($G106/($J106*$K106),1),0),0) -> 1.6 | M106: 0 | N106: 0 | O106: =$L106+$M106+$N106 -> 1.6
B107: 95 | C107: 부대공 | D107: EGI휀스+분진망 설치/철거 | E107: W2.0×H4.5, 48경간 | F107: 부록4 | G107: 48 | H107: =IF($F107="부록4",IFERROR(INDEX(③1일작업량DB!$H$6:$H$169,MATCH(SUBSTITUTE($C107&"|"&$D107,"~","~~"),③1일작업량DB!$J$6:$J$169,0)),"-"),"") -> 경간/일 | J107: =IF($F107="부록4",IFERROR(INDEX(③1일작업량DB!$G$6:$G$169,MATCH(SUBSTITUTE($C107&"|"&$D107,"~","~~"),③1일작업량DB!$J$6:$J$169,0)),""),$I107) -> 10 | K107: 1 | L107: =IFERROR(IF(AND($G107>0,$J107>0,$K107>0),ROUNDUP($G107/($J107*$K107),1),0),0) -> 4.8 | M107: 0 | N107: 0 | O107: =$L107+$M107+$N107 -> 4.8
B108: 96 | C108: 철근콘크리트 | D108: 콘크리트타설(무근,f1-Ⅰ) | E108: 휀스기초 무근 2.85 + 3.20 | F108: 부록4 | G108: 6.05 | H108: =IF($F108="부록4",IFERROR(INDEX(③1일작업량DB!$H$6:$H$169,MATCH(SUBSTITUTE($C108&"|"&$D108,"~","~~"),③1일작업량DB!$J$6:$J$169,0)),"-"),"") -> ㎥/일 | J108: =IF($F108="부록4",IFERROR(INDEX(③1일작업량DB!$G$6:$G$169,MATCH(SUBSTITUTE($C108&"|"&$D108,"~","~~"),③1일작업량DB!$J$6:$J$169,0)),""),$I108) -> 189 | K108: 1 | L108: =IFERROR(IF(AND($G108>0,$J108>0,$K108>0),ROUNDUP($G108/($J108*$K108),1),0),0) -> 0.1 | M108: 0 | N108: 0 | O108: =$L108+$M108+$N108 -> 0.1
B109: 97 | C109: 철근콘크리트 | D109: 합판거푸집 설치(보통) | E109: 휀스기초 합판 6회 | F109: 부록4 | G109: 31.79 | H109: =IF($F109="부록4",IFERROR(INDEX(③1일작업량DB!$H$6:$H$169,MATCH(SUBSTITUTE($C109&"|"&$D109,"~","~~"),③1일작업량DB!$J$6:$J$169,0)),"-"),"") -> ㎡/일 | J109: =IF($F109="부록4",IFERROR(INDEX(③1일작업량DB!$G$6:$G$169,MATCH(SUBSTITUTE($C109&"|"&$D109,"~","~~"),③1일작업량DB!$J$6:$J$169,0)),""),$I109) -> 60 | K109: 1 | L109: =IFERROR(IF(AND($G109>0,$J109>0,$K109>0),ROUNDUP($G109/($J109*$K109),1),0),0) -> 0.6 | M109: 0 | N109: 0 | O109: =$L109+$M109+$N109 -> 0.6
B110: 98 | C110: 철거 | D110: 무근콘크리트 깨기 | E110: 기존 기초 T=300㎜ 미만 | F110: 부록4 | G110: 0.9 | H110: =IF($F110="부록4",IFERROR(INDEX(③1일작업량DB!$H$6:$H$169,MATCH(SUBSTITUTE($C110&"|"&$D110,"~","~~"),③1일작업량DB!$J$6:$J$169,0)),"-"),"") -> ㎥/일 | J110: =IF($F110="부록4",IFERROR(INDEX(③1일작업량DB!$G$6:$G$169,MATCH(SUBSTITUTE($C110&"|"&$D110,"~","~~"),③1일작업량DB!$J$6:$J$169,0)),""),$I110) -> 25 | K110: 1 | L110: =IFERROR(IF(AND($G110>0,$J110>0,$K110>0),ROUNDUP($G110/($J110*$K110),1),0),0) -> 0.1 | M110: 0 | N110: 0 | O110: =$L110+$M110+$N110 -> 0.1
B111: 99 | C111: 배관 | D111: 관로 경고테이프 설치 | E111: B=20㎝ 195m | F111: 부록4 | G111: 195 | H111: =IF($F111="부록4",IFERROR(INDEX(③1일작업량DB!$H$6:$H$169,MATCH(SUBSTITUTE($C111&"|"&$D111,"~","~~"),③1일작업량DB!$J$6:$J$169,0)),"-"),"") -> m/일 | J111: =IF($F111="부록4",IFERROR(INDEX(③1일작업량DB!$G$6:$G$169,MATCH(SUBSTITUTE($C111&"|"&$D111,"~","~~"),③1일작업량DB!$J$6:$J$169,0)),""),$I111) -> 300 | K111: 1 | L111: =IFERROR(IF(AND($G111>0,$J111>0,$K111>0),ROUNDUP($G111/($J111*$K111),1),0),0) -> 0.7 | M111: 0 | N111: 0 | O111: =$L111+$M111+$N111 -> 0.7
B112: 100 | C112: 부대공 | D112: V-NOTCH 웨어 철거/설치 | E112: 철거 1 + 설치 1 | F112: 부록4 | G112: 2 | H112: =IF($F112="부록4",IFERROR(INDEX(③1일작업량DB!$H$6:$H$169,MATCH(SUBSTITUTE($C112&"|"&$D112,"~","~~"),③1일작업량DB!$J$6:$J$169,0)),"-"),"") -> 개소/일 | J112: =IF($F112="부록4",IFERROR(INDEX(③1일작업량DB!$G$6:$G$169,MATCH(SUBSTITUTE($C112&"|"&$D112,"~","~~"),③1일작업량DB!$J$6:$J$169,0)),""),$I112) -> 1 | K112: 1 | L112: =IFERROR(IF(AND($G112>0,$J112>0,$K112>0),ROUNDUP($G112/($J112*$K112),1),0),0) -> 2 | M112: 0 | N112: 0 | O112: =$L112+$M112+$N112 -> 2
B113: 101 | C113: 부대공 | D113: 시추조사 | E113: 2공 | F113: 부록4 | G113: 2 | H113: =IF($F113="부록4",IFERROR(INDEX(③1일작업량DB!$H$6:$H$169,MATCH(SUBSTITUTE($C113&"|"&$D113,"~","~~"),③1일작업량DB!$J$6:$J$169,0)),"-"),"") -> 공/일 | J113: =IF($F113="부록4",IFERROR(INDEX(③1일작업량DB!$G$6:$G$169,MATCH(SUBSTITUTE($C113&"|"&$D113,"~","~~"),③1일작업량DB!$J$6:$J$169,0)),""),$I113) -> 0.5 | K113: 1 | L113: =IFERROR(IF(AND($G113>0,$J113>0,$K113>0),ROUNDUP($G113/($J113*$K113),1),0),0) -> 4 | M113: 0 | N113: 0 | O113: =$L113+$M113+$N113 -> 4
... B118: 106 | C118: 부대공 | D118: 수압·수밀시험 | E118: 시공검사 3 + 준공검사 3 | F118: 부록4 | G118: 6 | H118: =IF($F118="부록4",IFERROR(INDEX(③1일작업량DB!$H$6:$H$169,MATCH(SUBSTITUTE($C118&"|"&$D118,"~","~~"),③1일작업량DB!$J$6:$J$169,0)),"-"),"") -> 개소/일 | J118: =IF($F118="부록4",IFERROR(INDEX(③1일작업량DB!$G$6:$G$169,MATCH(SUBSTITUTE($C118&"|"&$D118,"~","~~"),③1일작업량DB!$J$6:$J$169,0)),""),$I118) -> 3 | K118: 1 | L118: =IFERROR(IF(AND($G118>0,$J118>0,$K118>0),ROUNDUP($G118/($J118*$K118),1),0),0) -> 2 | M118: 0 | N118: 0 | O118: =$L118+$M118+$N118 -> 2
B119: 합 계 | L119: =SUMIF($B$6:$B$118,">0",L6:L118) -> 422.4 | M119: =SUMIF($B$6:$B$118,">0",M6:M118) -> 6 | N119: =SUMIF($B$6:$B$118,">0",N6:N118) -> 3 | O119: =O5+O15+O38+O47+O61+O80+O89+O101 -> 431.4
...

Sheet ④-2 횡산소규모 작업일수
A1: ④-2 횡산소규모사업 작업일수 산정 (횡산 소규모 공공하수처리시설 + 관로시설) — 수량집계 → 1일작업량 → 작업일수
B2: 순작업일수 = ROUNDUP( 작업수량 ÷ (적용1일작업량 × 작업조수) ). 출처='부록4'면 1일작업량 자동조회 / '품셈·실적'이면 수동1일작업량 칸에 입력. 소단위작업까지 분할하면 ⑤에서 선행·중첩이 뚜렷해집니다.
B4: No | C4: 대공정 | D4: 단위작업(세부공종) | E4: 소단위작업 | F4: 출처 | G4: 작업수량 | H4: 단위 | I4: 수동1일작업량 (품셈/실적) | J4: 적용1일작업량 | K4: 작업 조수 | L4: 순작업 일수 | M4: 간접 작업일수 | N4: 보정 일수 | O4: 총작업일수 | R4: =⑥공사기간종합!C10 -> 0
C5: 1.0 토공 | O5: =SUM(O6:O16) -> 5.7
B6: 1 | C6: 토공 | D6: 표토제거 | E6: 처리시설 부지 표토제거 | F6: 부록4 | G6: 150 | H6: =IF($F6="부록4",IFERROR(INDEX(③1일작업량DB!$H$6:$H$169,MATCH(SUBSTITUTE($C6&"|"&$D6,"~","~~"),③1일작업량DB!$J$6:$J$169,0)),"-"),"") -> ㎡/일 | J6: =IF($F6="부록4",IFERROR(INDEX(③1일작업량DB!$G$6:$G$169,MATCH(SUBSTITUTE($C6&"|"&$D6,"~","~~"),③1일작업량DB!$J$6:$J$169,0)),""),$I6) -> 1915 | K6: 1 | L6: =IFERROR(IF(AND($G6>0,$J6>0,$K6>0),ROUNDUP($G6/($J6*$K6),1),0),0) -> 0.1 | M6: 0 | N6: 0 | O6: =$L6+$M6+$N6 -> 0.1
B7: 2 | C7: 토공 | D7: 터파기(토사) | E7: 구조물 터파기 / 육상 4.5m 이하 | F7: 부록4 | G7: 335 | H7: =IF($F7="부록4",IFERROR(INDEX(③1일작업량DB!$H$6:$H$169,MATCH(SUBSTITUTE($C7&"|"&$D7,"~","~~"),③1일작업량DB!$J$6:$J$169,0)),"-"),"") -> ㎥/일 | J7: =IF($F7="부록4",IFERROR(INDEX(③1일작업량DB!$G$6:$G$169,MATCH(SUBSTITUTE($C7&"|"&$D7,"~","~~"),③1일작업량DB!$J$6:$J$169,0)),""),$I7) -> 349 | K7: 1 | L7: =IFERROR(IF(AND($G7>0,$J7>0,$K7>0),ROUNDUP($G7/($J7*$K7),1),0),0) -> 1 | M7: 0 | N7: 0 | O7: =$L7+$M7+$N7 -> 1
B8: 3 | C8: 토공 | D8: 터파기(토사) | E8: 구조물 터파기 / 용수구간 | F8: 부록4 | G8: 10 | H8: =IF($F8="부록4",IFERROR(INDEX(③1일작업량DB!$H$6:$H$169,MATCH(SUBSTITUTE($C8&"|"&$D8,"~","~~"),③1일작업량DB!$J$6:$J$169,0)),"-"),"") -> ㎥/일 | J8: =IF($F8="부록4",IFERROR(INDEX(③1일작업량DB!$G$6:$G$169,MATCH(SUBSTITUTE($C8&"|"&$D8,"~","~~"),③1일작업량DB!$J$6:$J$169,0)),""),$I8) -> 349 | K8: 1 | L8: =IFERROR(IF(AND($G8>0,$J8>0,$K8>0),ROUNDUP($G8/($J8*$K8),1),0),0) -> 0.1 | M8: 0 | N8: 0 | O8: =$L8+$M8+$N8 -> 0.1
B9: 4 | C9: 토공 | D9: 흙쌓기(노체) | E9: 흙쌓기 및 다짐 | F9: 부록4 | G9: 6.5 | H9: =IF($F9="부록4",IFERROR(INDEX(③1일작업량DB!$H$6:$H$169,MATCH(SUBSTITUTE($C9&"|"&$D9,"~","~~"),③1일작업량DB!$J$6:$J$169,0)),"-"),"") -> ㎥/일 | J9: =IF($F9="부록4",IFERROR(INDEX(③1일작업량DB!$G$6:$G$169,MATCH(SUBSTITUTE($C9&"|"&$D9,"~","~~"),③1일작업량DB!$J$6:$J$169,0)),""),$I9) -> 1118 | K9: 1 | L9: =IFERROR(IF(AND($G9>0,$J9>0,$K9>0),ROUNDUP($G9/($J9*$K9),1),0),0) -> 0.1 | M9: 0 | N9: 0 | O9: =$L9+$M9+$N9 -> 0.1
B10: 5 | C10: 토공 | D10: 되메우기 | E10: 구조물 되메우기 / 램머다짐 | F10: 부록4 | G10: 136.3 | H10: =IF($F10="부록4",IFERROR(INDEX(③1일작업량DB!$H$6:$H$169,MATCH(SUBSTITUTE($C10&"|"&$D10,"~","~~"),③1일작업량DB!$J$6:$J$169,0)),"-"),"") -> ㎥/일 | J10: =IF($F10="부록4",IFERROR(INDEX(③1일작업량DB!$G$6:$G$169,MATCH(SUBSTITUTE($C10&"|"&$D10,"~","~~"),③1일작업량DB!$J$6:$J$169,0)),""),$I10) -> 42 | K10: 2 | L10: =IFERROR(IF(AND($G10>0,$J10>0,$K10>0),ROUNDUP($G10/($J10*$K10),1),0),0) -> 1.7 | M10: 0 | N10: 0 | O10: =$L10+$M10+$N10 -> 1.7
B11: 6 | C11: 토공 | D11: 성토면 고르기 | E11: 성토면 고르기(토사) | F11: 부록4 | G11: 13.8 | H11: =IF($F11="부록4",IFERROR(INDEX(③1일작업량DB!$H$6:$H$169,MATCH(SUBSTITUTE($C11&"|"&$D11,"~","~~"),③1일작업량DB!$J$6:$J$169,0)),"-"),"") -> ㎡/일 | J11: =IF($F11="부록4",IFERROR(INDEX(③1일작업량DB!$G$6:$G$169,MATCH(SUBSTITUTE($C11&"|"&$D11,"~","~~"),③1일작업량DB!$J$6:$J$169,0)),""),$I11) -> 500 | K11: 1 | L11: =IFERROR(IF(AND($G11>0,$J11>0,$K11>0),ROUNDUP($G11/($J11*$K11),1),0),0) -> 0.1 | M11: 0 | N11: 0 | O11: =$L11+$M11+$N11 -> 0.1
B12: 7 | C12: 토공 | D12: 성토면 고르기 | E12: 바닥면 고르기(토사) | F12: 부록4 | G12: 185.7 | H12: =IF($F12="부록4",IFERROR(INDEX(③1일작업량DB!$H$6:$H$169,MATCH(SUBSTITUTE($C12&"|"&$D12,"~","~~"),③1일작업량DB!$J$6:$J$169,0)),"-"),"") -> ㎡/일 | J12: =IF($F12="부록4",IFERROR(INDEX(③1일작업량DB!$G$6:$G$169,MATCH(SUBSTITUTE($C12&"|"&$D12,"~","~~"),③1일작업량DB!$J$6:$J$169,0)),""),$I12) -> 500 | K12: 1 | L12: =IFERROR(IF(AND($G12>0,$J12>0,$K12>0),ROUNDUP($G12/($J12*$K12),1),0),0) -> 0.4 | M12: 0 | N12: 0 | O12: =$L12+$M12+$N12 -> 0.4
B13: 8 | C13: 토공 | D13: 줄떼 붙이기 | E13: 평떼 설치 | F13: 부록4 | G13: 22.25 | H13: =IF($F13="부록4",IFERROR(INDEX(③1일작업량DB!$H$6:$H$169,MATCH(SUBSTITUTE($C13&"|"&$D13,"~","~~"),③1일작업량DB!$J$6:$J$169,0)),"-"),"") -> ㎡/일 | J13: =IF($F13="부록4",IFERROR(INDEX(③1일작업량DB!$G$6:$G$169,MATCH(SUBSTITUTE($C13&"|"&$D13,"~","~~"),③1일작업량DB!$J$6:$J$169,0)),""),$I13) -> 100 | K13: 1 | L13: =IFERROR(IF(AND($G13>0,$J13>0,$K13>0),ROUNDUP($G13/($J13*$K13),1),0),0) -> 0.3 | M13: 0 | N13: 0 | O13: =$L13+$M13+$N13 -> 0.3
B14: 9 | C14: 토공 | D14: 잔토처리(사토운반) | E14: 사토 226.01 + 표토 29.80 | F14: 부록4 | G14: 255.81 | H14: =IF($F14="부록4",IFERROR(INDEX(③1일작업량DB!$H$6:$H$169,MATCH(SUBSTITUTE($C14&"|"&$D14,"~","~~"),③1일작업량DB!$J$6:$J$169,0)),"-"),"") -> ㎥/일 | J14: =IF($F14="부록4",IFERROR(INDEX(③1일작업량DB!$G$6:$G$169,MATCH(SUBSTITUTE($C14&"|"&$D14,"~","~~"),③1일작업량DB!$J$6:$J$169,0)),""),$I14) -> 500 | K14: 1 | L14: =IFERROR(IF(AND($G14>0,$J14>0,$K14>0),ROUNDUP($G14/($J14*$K14),1),0),0) -> 0.6 | M14: 0 | N14: 0 | O14: =$L14+$M14+$N14 -> 0.6
B15: 10 | C15: 토공 | D15: 터파기(토사) | E15: 기존 처리시설 사면부 철거(조경석쌓기 B-TYPE) | F15: 부록4 | G15: 110.3 | H15: =IF($F15="부록4",IFERROR(INDEX(③1일작업량DB!$H$6:$H$169,MATCH(SUBSTITUTE($C15&"|"&$D15,"~","~~"),③1일작업량DB!$J$6:$J$169,0)),"-"),"") -> ㎥/일 | J15: =IF($F15="부록4",IFERROR(INDEX(③1일작업량DB!$G$6:$G$169,MATCH(SUBSTITUTE($C15&"|"&$D15,"~","~~"),③1일작업량DB!$J$6:$J$169,0)),""),$I15) -> 349 | K15: 1 | L15: =IFERROR(IF(AND($G15>0,$J15>0,$K15>0),ROUNDUP($G15/($J15*$K15),1),0),0) -> 0.4 | M15: 0 | N15: 0 | O15: =$L15+$M15+$N15 -> 0.4
B16: 11 | C16: 토공 | D16: 되메우기 | E16: 조경석쌓기 구간 되메우기(A+B TYPE) | F16: 부록4 | G16: 33.7 | H16: =IF($F16="부록4",IFERROR(INDEX(③1일작업량DB!$H$6:$H$169,MATCH(SUBSTITUTE($C16&"|"&$D16,"~","~~"),③1일작업량DB!$J$6:$J$169,0)),"-"),"") -> ㎥/일 | J16: =IF($F16="부록4",IFERROR(INDEX(③1일작업량DB!$G$6:$G$169,MATCH(SUBSTITUTE($C16&"|"&$D16,"~","~~"),③1일작업량DB!$J$6:$J$169,0)),""),$I16) -> 42 | K16: 1 | L16: =IFERROR(IF(AND($G16>0,$J16>0,$K16>0),ROUNDUP($G16/($J16*$K16),1),0),0) -> 0.9 | M16: 0 | N16: 0 | O16: =$L16+$M16+$N16 -> 0.9
C17: 2.0 구조물공 (수처리시설) | O17: =SUM(O18:O35) -> 32.1
B18: 12 | C18: 철근콘크리트 | D18: 철근가공 | E18: SD400 H16 8.50 + H19 4.53 | F18: 부록4 | G18: 13.033 | H18: =IF($F18="부록4",IFERROR(INDEX(③1일작업량DB!$H$6:$H$169,MATCH(SUBSTITUTE($C18&"|"&$D18,"~","~~"),③1일작업량DB!$J$6:$J$169,0)),"-"),"") -> ton/일 | J18: =IF($F18="부록4",IFERROR(INDEX(③1일작업량DB!$G$6:$G$169,MATCH(SUBSTITUTE($C18&"|"&$D18,"~","~~"),③1일작업량DB!$J$6:$J$169,0)),""),$I18) -> 4 | K18: 2 | L18: =IFERROR(IF(AND($G18>0,$J18>0,$K18>0),ROUNDUP($G18/($J18*$K18),1),0),0) -> 1.7 | M18: 0 | N18: 0 | O18: =$L18+$M18+$N18 -> 1.7
B19: 13 | C19: 철근콘크리트 | D19: 철근조립(토목) | E19: Type-Ⅱ-1 / 복잡 | F19: 부록4 | G19: 13.033 | H19: =IF($F19="부록4",IFERROR(INDEX(③1일작업량DB!$H$6:$H$169,MATCH(SUBSTITUTE($C19&"|"&$D19,"~","~~"),③1일작업량DB!$J$6:$J$169,0)),"-"),"") -> ton/일 | J19: =IF($F19="부록4",IFERROR(INDEX(③1일작업량DB!$G$6:$G$169,MATCH(SUBSTITUTE($C19&"|"&$D19,"~","~~"),③1일작업량DB!$J$6:$J$169,0)),""),$I19) -> 2.5 | K19: 2 | L19: =IFERROR(IF(AND($G19>0,$J19>0,$K19>0),ROUNDUP($G19/($J19*$K19),1),0),0) -> 2.7 | M19: 0 | N19: 0 | O19: =$L19+$M19+$N19 -> 2.7
B20: 14 | C20: 철근콘크리트 | D20: 유로폼 설치(보통) | E20: 수직 305.93 + 수평 23.35 | F20: 부록4 | G20: 329.275 | H20: =IF($F20="부록4",IFERROR(INDEX(③1일작업량DB!$H$6:$H$169,MATCH(SUBSTITUTE($C20&"|"&$D20,"~","~~"),③1일작업량DB!$J$6:$J$169,0)),"-"),"") -> ㎡/일 | J20: =IF($F20="부록4",IFERROR(INDEX(③1일작업량DB!$G$6:$G$169,MATCH(SUBSTITUTE($C20&"|"&$D20,"~","~~"),③1일작업량DB!$J$6:$J$169,0)),""),$I20) -> 50 | K20: 2 | L20: =IFERROR(IF(AND($G20>0,$J20>0,$K20>0),ROUNDUP($G20/($J20*$K20),1),0),0) -> 3.3 | M20: 0 | N20: 0 | O20: =$L20+$M20+$N20 -> 3.3
B21: 15 | C21: 철근콘크리트 | D21: 유로폼 해체 | E21: 0~7m 벽체 | F21: 부록4 | G21: 329.275 | H21: =IF($F21="부록4",IFERROR(INDEX(③1일작업량DB!$H$6:$H$169,MATCH(SUBSTITUTE($C21&"|"&$D21,"~","~~"),③1일작업량DB!$J$6:$J$169,0)),"-"),"") -> ㎡/일 | J21: =IF($F21="부록4",IFERROR(INDEX(③1일작업량DB!$G$6:$G$169,MATCH(SUBSTITUTE($C21&"|"&$D21,"~","~~"),③1일작업량DB!$J$6:$J$169,0)),""),$I21) -> 115 | K21: 1 | L21: =IFERROR(IF(AND($G21>0,$J21>0,$K21>0),ROUNDUP($G21/($J21*$K21),1),0),0) -> 2.9 | M21: 0 | N21: 0 | O21: =$L21+$M21+$N21 -> 2.9
B22: 16 | C22: 철근콘크리트 | D22: 합판거푸집 설치(보통) | E22: 합판 6회 / 간단 | F22: 부록4 | G22: 3.68 | H22: =IF($F22="부록4",IFERROR(INDEX(③1일작업량DB!$H$6:$H$169,MATCH(SUBSTITUTE($C22&"|"&$D22,"~","~~"),③1일작업량DB!$J$6:$J$169,0)),"-"),"") -> ㎡/일 | J22: =IF($F22="부록4",IFERROR(INDEX(③1일작업량DB!$G$6:$G$169,MATCH(SUBSTITUTE($C22&"|"&$D22,"~","~~"),③1일작업량DB!$J$6:$J$169,0)),""),$I22) -> 60 | K22: 1 | L22: =IFERROR(IF(AND($G22>0,$J22>0,$K22>0),ROUNDUP($G22/($J22*$K22),1),0),0) -> 0.1 | M22: 0 | N22: 0 | O22: =$L22+$M22+$N22 -> 0.1
B23: 17 | C23: 철근콘크리트 | D23: 합판거푸집 설치(복잡) | E23: 합판 3회 / 복잡 | F23: 부록4 | G23: 17.75 | H23: =IF($F23="부록4",IFERROR(INDEX(③1일작업량DB!$H$6:$H$169,MATCH(SUBSTITUTE($C23&"|"&$D23,"~","~~"),③1일작업량DB!$J$6:$J$169,0)),"-"),"") -> ㎡/일 | J23: =IF($F23="부록4",IFERROR(INDEX(③1일작업량DB!$G$6:$G$169,MATCH(SUBSTITUTE($C23&"|"&$D23,"~","~~"),③1일작업량DB!$J$6:$J$169,0)),""),$I23) -> 40 | K23: 1 | L23: =IFERROR(IF(AND($G23>0,$J23>0,$K23>0),ROUNDUP($G23/($J23*$K23),1),0),0) -> 0.5 | M23: 0 | N23: 0 | O23: =$L23+$M23+$N23 -> 0.5
B24: 18 | C24: 철근콘크리트 | D24: 합판거푸집 해체 | E24: 합판거푸집 전량 | F24: 부록4 | G24: 21.43 | H24: =IF($F24="부록4",IFERROR(INDEX(③1일작업량DB!$H$6:$H$169,MATCH(SUBSTITUTE($C24&"|"&$D24,"~","~~"),③1일작업량DB!$J$6:$J$169,0)),"-"),"") -> ㎡/일 | J24: =IF($F24="부록4",IFERROR(INDEX(③1일작업량DB!$G$6:$G$169,MATCH(SUBSTITUTE($C24&"|"&$D24,"~","~~"),③1일작업량DB!$J$6:$J$169,0)),""),$I24) -> 100 | K24: 1 | L24: =IFERROR(IF(AND($G24>0,$J24>0,$K24>0),ROUNDUP($G24/($J24*$K24),1),0),0) -> 0.3 | M24: 0 | N24: 0 | O24: =$L24+$M24+$N24 -> 0.3
B25: 19 | C25: 철근콘크리트 | D25: 시스템동바리 | E25: 강관동바리 10m 이하 | F25: 부록4 | G25: 102.818 | H25: =IF($F25="부록4",IFERROR(INDEX(③1일작업량DB!$H$6:$H$169,MATCH(SUBSTITUTE($C25&"|"&$D25,"~","~~"),③1일작업량DB!$J$6:$J$169,0)),"-"),"") -> ㎥/일 | J25: =IF($F25="부록4",IFERROR(INDEX(③1일작업량DB!$G$6:$G$169,MATCH(SUBSTITUTE($C25&"|"&$D25,"~","~~"),③1일작업량DB!$J$6:$J$169,0)),""),$I25) -> 69 | K25: 1 | L25: =IFERROR(IF(AND($G25>0,$J25>0,$K25>0),ROUNDUP($G25/($J25*$K25),1),0),0) -> 1.5 | M25: 0 | N25: 0 | O25: =$L25+$M25+$N25 -> 1.5
B26: 20 | C26: 가설 | D26: 시스템비계 | E26: 10m 이하 | F26: 부록4 | G26: 119.865 | H26: =IF($F26="부록4",IFERROR(INDEX(③1일작업량DB!$H$6:$H$169,MATCH(SUBSTITUTE($C26&"|"&$D26,"~","~~"),③1일작업량DB!$J$6:$J$169,0)),"-"),"") -> ㎡/일 | J26: =IF($F26="부록4",IFERROR(INDEX(③1일작업량DB!$G$6:$G$169,MATCH(SUBSTITUTE($C26&"|"&$D26,"~","~~"),③1일작업량DB!$J$6:$J$169,0)),""),$I26) -> 100 | K26: 1 | L26: =IFERROR(IF(AND($G26>0,$J26>0,$K26>0),ROUNDUP($G26/($J26*$K26),1),0),0) -> 1.2 | M26: 0 | N26: 0 | O26: =$L26+$M26+$N26 -> 1.2
B27: 21 | C27: 철근콘크리트 | D27: 콘크리트타설(무근,f1-Ⅰ) | E27: 25-18-120 | F27: 부록4 | G27: 7.012 | H27: =IF($F27="부록4",IFERROR(INDEX(③1일작업량DB!$H$6:$H$169,MATCH(SUBSTITUTE($C27&"|"&$D27,"~","~~"),③1일작업량DB!$J$6:$J$169,0)),"-"),"") -> ㎥/일 | J27: =IF($F27="부록4",IFERROR(INDEX(③1일작업량DB!$G$6:$G$169,MATCH(SUBSTITUTE($C27&"|"&$D27,"~","~~"),③1일작업량DB!$J$6:$J$169,0)),""),$I27) -> 189 | K27: 1 | L27: =IFERROR(IF(AND($G27>0,$J27>0,$K27>0),ROUNDUP($G27/($J27*$K27),1),0),0) -> 0.1 | M27: 1 | N27: 0 | O27: =$L27+$M27+$N27 -> 1.1
B28: 22 | C28: 철근콘크리트 | D28: 콘크리트타설(철근,f1-Ⅱ) | E28: 25-27-150 / 펌프카 | F28: 부록4 | G28: 103.313 | H28: =IF($F28="부록4",IFERROR(INDEX(③1일작업량DB!$H$6:$H$169,MATCH(SUBSTITUTE($C28&"|"&$D28,"~","~~"),③1일작업량DB!$J$6:$J$169,0)),"-"),"") -> ㎥/일 | J28: =IF($F28="부록4",IFERROR(INDEX(③1일작업량DB!$G$6:$G$169,MATCH(SUBSTITUTE($C28&"|"&$D28,"~","~~"),③1일작업량DB!$J$6:$J$169,0)),""),$I28) -> 130 | K28: 1 | L28: =IFERROR(IF(AND($G28>0,$J28>0,$K28>0),ROUNDUP($G28/($J28*$K28),1),0),0) -> 0.8 | M28: 3 | N28: 2 | O28: =$L28+$M28+$N28 -> 5.8
B29: 23 | C29: 구조물공 | D29: 시공이음 면정리(치핑) | E29: Con'c 치핑(기계) | F29: 부록4 | G29: 20.41 | H29: =IF($F29="부록4",IFERROR(INDEX(③1일작업량DB!$H$6:$H$169,MATCH(SUBSTITUTE($C29&"|"&$D29,"~","~~"),③1일작업량DB!$J$6:$J$169,0)),"-"),"") -> ㎡/일 | J29: =IF($F29="부록4",IFERROR(INDEX(③1일작업량DB!$G$6:$G$169,MATCH(SUBSTITUTE($C29&"|"&$D29,"~","~~"),③1일작업량DB!$J$6:$J$169,0)),""),$I29) -> 30 | K29: 1 | L29: =IFERROR(IF(AND($G29>0,$J29>0,$K29>0),ROUNDUP($G29/($J29*$K29),1),0),0) -> 0.7 | M29: 0 | N29: 0 | O29: =$L29+$M29+$N29 -> 0.7
... B35: 29 | C35: 배관 | D35: 관절단·플랜지 접합 | E35: 구체 슬리브 20 + 관지수판 20 | F35: 부록4 | G35: 40 | H35: =IF($F35="부록4",IFERROR(INDEX(③1일작업량DB!$H$6:$H$169,MATCH(SUBSTITUTE($C35&"|"&$D35,"~","~~"),③1일작업량DB!$J$6:$J$169,0)),"-"),"") -> 개소/일 | J35: =IF($F35="부록4",IFERROR(INDEX(③1일작업량DB!$G$6:$G$169,MATCH(SUBSTITUTE($C35&"|"&$D35,"~","~~"),③1일작업량DB!$J$6:$J$169,0)),""),$I35) -> 12 | K35: 1 | L35: =IFERROR(IF(AND($G35>0,$J35>0,$K35>0),ROUNDUP($G35/($J35*$K35),1),0),0) -> 3.4 | M35: 0 | N35: 0 | O35: =$L35+$M35+$N35 -> 3.4
C36: 3.0 구내배관공 (유입·상수·방류관로) | O36: =SUM(O37:O45) -> 10.6
B37: 30 | C37: 토공 | D37: 터파기(토사) | E37: 관로 터파기 / 유입 31.95 + 방류 107.91 | F37: 부록4 | G37: 139.86 | H37: =IF($F37="부록4",IFERROR(INDEX(③1일작업량DB!$H$6:$H$169,MATCH(SUBSTITUTE($C37&"|"&$D37,"~","~~"),③1일작업량DB!$J$6:$J$169,0)),"-"),"") -> ㎥/일 | J37: =IF($F37="부록4",IFERROR(INDEX(③1일작업량DB!$G$6:$G$169,MATCH(SUBSTITUTE($C37&"|"&$D37,"~","~~"),③1일작업량DB!$J$6:$J$169,0)),""),$I37) -> 349 | K37: 1 | L37: =IFERROR(IF(AND($G37>0,$J37>0,$K37>0),ROUNDUP($G37/($J37*$K37),1),0),0) -> 0.5 | M37: 0 | N37: 0 | O37: =$L37+$M37+$N37 -> 0.5
B38: 31 | C38: 토공 | D38: 되메우기 | E38: 관상단 되메우기 / 유입 25.83 + 방류 85.74 | F38: 부록4 | G38: 111.57 | H38: =IF($F38="부록4",IFERROR(INDEX(③1일작업량DB!$H$6:$H$169,MATCH(SUBSTITUTE($C38&"|"&$D38,"~","~~"),③1일작업량DB!$J$6:$J$169,0)),"-"),"") -> ㎥/일 | J38: =IF($F38="부록4",IFERROR(INDEX(③1일작업량DB!$G$6:$G$169,MATCH(SUBSTITUTE($C38&"|"&$D38,"~","~~"),③1일작업량DB!$J$6:$J$169,0)),""),$I38) -> 42 | K38: 1 | L38: =IFERROR(IF(AND($G38>0,$J38>0,$K38>0),ROUNDUP($G38/($J38*$K38),1),0),0) -> 2.7 | M38: 0 | N38: 0 | O38: =$L38+$M38+$N38 -> 2.7
B39: 32 | C39: 토공 | D39: 모래부설(기초) | E39: 관기초 모래 / 유입 5.96 + 방류 22.00 | F39: 부록4 | G39: 27.96 | H39: =IF($F39="부록4",IFERROR(INDEX(③1일작업량DB!$H$6:$H$169,MATCH(SUBSTITUTE($C39&"|"&$D39,"~","~~"),③1일작업량DB!$J$6:$J$169,0)),"-"),"") -> ㎥/일 | J39: =IF($F39="부록4",IFERROR(INDEX(③1일작업량DB!$G$6:$G$169,MATCH(SUBSTITUTE($C39&"|"&$D39,"~","~~"),③1일작업량DB!$J$6:$J$169,0)),""),$I39) -> 60 | K39: 1 | L39: =IFERROR(IF(AND($G39>0,$J39>0,$K39>0),ROUNDUP($G39/($J39*$K39),1),0),0) -> 0.5 | M39: 0 | N39: 0 | O39: =$L39+$M39+$N39 -> 0.5
B40: 33 | C40: 배수공 | D40: 배수관(흄관/VR) | E40: 고강성PVC이중벽관 D200 부설 | F40: 부록4 | G40: 10.2 | H40: =IF($F40="부록4",IFERROR(INDEX(③1일작업량DB!$H$6:$H$169,MATCH(SUBSTITUTE($C40&"|"&$D40,"~","~~"),③1일작업량DB!$J$6:$J$169,0)),"-"),"") -> m/일 | J40: =IF($F40="부록4",IFERROR(INDEX(③1일작업량DB!$G$6:$G$169,MATCH(SUBSTITUTE($C40&"|"&$D40,"~","~~"),③1일작업량DB!$J$6:$J$169,0)),""),$I40) -> 43 | K40: 1 | L40: =IFERROR(IF(AND($G40>0,$J40>0,$K40>0),ROUNDUP($G40/($J40*$K40),1),0),0) -> 0.3 | M40: 0 | N40: 0 | O40: =$L40+$M40+$N40 -> 0.3
B41: 34 | C41: 배관 | D41: 내충격수도관 부설 | E41: D75 직관 11개소 | F41: 부록4 | G41: 11 | H41: =IF($F41="부록4",IFERROR(INDEX(③1일작업량DB!$H$6:$H$169,MATCH(SUBSTITUTE($C41&"|"&$D41,"~","~~"),③1일작업량DB!$J$6:$J$169,0)),"-"),"") -> 개소/일 | J41: =IF($F41="부록4",IFERROR(INDEX(③1일작업량DB!$G$6:$G$169,MATCH(SUBSTITUTE($C41&"|"&$D41,"~","~~"),③1일작업량DB!$J$6:$J$169,0)),""),$I41) -> 15 | K41: 1 | L41: =IFERROR(IF(AND($G41>0,$J41>0,$K41>0),ROUNDUP($G41/($J41*$K41),1),0),0) -> 0.8 | M41: 0 | N41: 0 | O41: =$L41+$M41+$N41 -> 0.8
B42: 35 | C42: 배관 | D42: 주철이형관 부설·접합 | E42: D75 이형관 17개소 | F42: 부록4 | G42: 17 | H42: =IF($F42="부록4",IFERROR(INDEX(③1일작업량DB!$H$6:$H$169,MATCH(SUBSTITUTE($C42&"|"&$D42,"~","~~"),③1일작업량DB!$J$6:$J$169,0)),"-"),"") -> 개소/일 | J42: =IF($F42="부록4",IFERROR(INDEX(③1일작업량DB!$G$6:$G$169,MATCH(SUBSTITUTE($C42&"|"&$D42,"~","~~"),③1일작업량DB!$J$6:$J$169,0)),""),$I42) -> 8 | K42: 1 | L42: =IFERROR(IF(AND($G42>0,$J42>0,$K42>0),ROUNDUP($G42/($J42*$K42),1),0),0) -> 2.2 | M42: 0 | N42: 0 | O42: =$L42+$M42+$N42 -> 2.2
B43: 36 | C43: 배관 | D43: 관절단·플랜지 접합 | E43: 관절단 19 + 플랜지접합 1 | F43: 부록4 | G43: 20 | H43: =IF($F43="부록4",IFERROR(INDEX(③1일작업량DB!$H$6:$H$169,MATCH(SUBSTITUTE($C43&"|"&$D43,"~","~~"),③1일작업량DB!$J$6:$J$169,0)),"-"),"") -> 개소/일 | J43: =IF($F43="부록4",IFERROR(INDEX(③1일작업량DB!$G$6:$G$169,MATCH(SUBSTITUTE($C43&"|"&$D43,"~","~~"),③1일작업량DB!$J$6:$J$169,0)),""),$I43) -> 12 | K43: 1 | L43: =IFERROR(IF(AND($G43>0,$J43>0,$K43>0),ROUNDUP($G43/($J43*$K43),1),0),0) -> 1.7 | M43: 0 | N43: 0 | O43: =$L43+$M43+$N43 -> 1.7
B44: 37 | C44: 배관 | D44: 관로 경고테이프 설치 | E44: B=15㎝ | F44: 부록4 | G44: 106.25 | H44: =IF($F44="부록4",IFERROR(INDEX(③1일작업량DB!$H$6:$H$169,MATCH(SUBSTITUTE($C44&"|"&$D44,"~","~~"),③1일작업량DB!$J$6:$J$169,0)),"-"),"") -> m/일 | J44: =IF($F44="부록4",IFERROR(INDEX(③1일작업량DB!$G$6:$G$169,MATCH(SUBSTITUTE($C44&"|"&$D44,"~","~~"),③1일작업량DB!$J$6:$J$169,0)),""),$I44) -> 300 | K44: 1 | L44: =IFERROR(IF(AND($G44>0,$J44>0,$K44>0),ROUNDUP($G44/($J44*$K44),1),0),0) -> 0.4 | M44: 0 | N44: 0 | O44: =$L44+$M44+$N44 -> 0.4
B45: 38 | C45: 가시설 | D45: 조립식 간이흙막이 | E45: 구내배관 26.8 + 구조물 10.2 | F45: 부록4 | G45: 37 | H45: =IF($F45="부록4",IFERROR(INDEX(③1일작업량DB!$H$6:$H$169,MATCH(SUBSTITUTE($C45&"|"&$D45,"~","~~"),③1일작업량DB!$J$6:$J$169,0)),"-"),"") -> m/일 | J45: =IF($F45="부록4",IFERROR(INDEX(③1일작업량DB!$G$6:$G$169,MATCH(SUBSTITUTE($C45&"|"&$D45,"~","~~"),③1일작업량DB!$J$6:$J$169,0)),""),$I45) -> 25 | K45: 1 | L45: =IFERROR(IF(AND($G45>0,$J45>0,$K45>0),ROUNDUP($G45/($J45*$K45),1),0),0) -> 1.5 | M45: 0 | N45: 0 | O45: =$L45+$M45+$N45 -> 1.5
C46: 4.0 우배수공 | O46: =SUM(O47:O63) -> 33.9
B47: 39 | C47: 토공 | D47: 터파기(토사) | E47: 우수관로·연결관·집수정·측구·받이·맨홀 | F47: 부록4 | G47: 155.91 | H47: =IF($F47="부록4",IFERROR(INDEX(③1일작업량DB!$H$6:$H$169,MATCH(SUBSTITUTE($C47&"|"&$D47,"~","~~"),③1일작업량DB!$J$6:$J$169,0)),"-"),"") -> ㎥/일 | J47: =IF($F47="부록4",IFERROR(INDEX(③1일작업량DB!$G$6:$G$169,MATCH(SUBSTITUTE($C47&"|"&$D47,"~","~~"),③1일작업량DB!$J$6:$J$169,0)),""),$I47) -> 349 | K47: 1 | L47: =IFERROR(IF(AND($G47>0,$J47>0,$K47>0),ROUNDUP($G47/($J47*$K47),1),0),0) -> 0.5 | M47: 0 | N47: 0 | O47: =$L47+$M47+$N47 -> 0.5
B48: 40 | C48: 토공 | D48: 되메우기 | E48: 구조물 되메우기(집수정·측구·맨홀) | F48: 부록4 | G48: 21.21 | H48: =IF($F48="부록4",IFERROR(INDEX(③1일작업량DB!$H$6:$H$169,MATCH(SUBSTITUTE($C48&"|"&$D48,"~","~~"),③1일작업량DB!$J$6:$J$169,0)),"-"),"") -> ㎥/일 | J48: =IF($F48="부록4",IFERROR(INDEX(③1일작업량DB!$G$6:$G$169,MATCH(SUBSTITUTE($C48&"|"&$D48,"~","~~"),③1일작업량DB!$J$6:$J$169,0)),""),$I48) -> 42 | K48: 1 | L48: =IFERROR(IF(AND($G48>0,$J48>0,$K48>0),ROUNDUP($G48/($J48*$K48),1),0),0) -> 0.6 | M48: 0 | N48: 0 | O48: =$L48+$M48+$N48 -> 0.6
B49: 41 | C49: 토공 | D49: 되메우기 | E49: 관상단 되메우기 | F49: 부록4 | G49: 71.26 | H49: =IF($F49="부록4",IFERROR(INDEX(③1일작업량DB!$H$6:$H$169,MATCH(SUBSTITUTE($C49&"|"&$D49,"~","~~"),③1일작업량DB!$J$6:$J$169,0)),"-"),"") -> ㎥/일 | J49: =IF($F49="부록4",IFERROR(INDEX(③1일작업량DB!$G$6:$G$169,MATCH(SUBSTITUTE($C49&"|"&$D49,"~","~~"),③1일작업량DB!$J$6:$J$169,0)),""),$I49) -> 42 | K49: 1 | L49: =IFERROR(IF(AND($G49>0,$J49>0,$K49>0),ROUNDUP($G49/($J49*$K49),1),0),0) -> 1.7 | M49: 0 | N49: 0 | O49: =$L49+$M49+$N49 -> 1.7
B50: 42 | C50: 토공 | D50: 모래부설(기초) | E50: 관기초 모래 | F50: 부록4 | G50: 30.57 | H50: =IF($F50="부록4",IFERROR(INDEX(③1일작업량DB!$H$6:$H$169,MATCH(SUBSTITUTE($C50&"|"&$D50,"~","~~"),③1일작업량DB!$J$6:$J$169,0)),"-"),"") -> ㎥/일 | J50: =IF($F50="부록4",IFERROR(INDEX(③1일작업량DB!$G$6:$G$169,MATCH(SUBSTITUTE($C50&"|"&$D50,"~","~~"),③1일작업량DB!$J$6:$J$169,0)),""),$I50) -> 60 | K50: 1 | L50: =IFERROR(IF(AND($G50>0,$J50>0,$K50>0),ROUNDUP($G50/($J50*$K50),1),0),0) -> 0.6 | M50: 0 | N50: 0 | O50: =$L50+$M50+$N50 -> 0.6
B51: 43 | C51: 토공 | D51: 기초지정 | E51: 잡석부설 Φ40 이하 | F51: 부록4 | G51: 2.757 | H51: =IF($F51="부록4",IFERROR(INDEX(③1일작업량DB!$H$6:$H$169,MATCH(SUBSTITUTE($C51&"|"&$D51,"~","~~"),③1일작업량DB!$J$6:$J$169,0)),"-"),"") -> ㎥/일 | J51: =IF($F51="부록4",IFERROR(INDEX(③1일작업량DB!$G$6:$G$169,MATCH(SUBSTITUTE($C51&"|"&$D51,"~","~~"),③1일작업량DB!$J$6:$J$169,0)),""),$I51) -> 65 | K51: 1 | L51: =IFERROR(IF(AND($G51>0,$J51>0,$K51>0),ROUNDUP($G51/($J51*$K51),1),0),0) -> 0.1 | M51: 0 | N51: 0 | O51: =$L51+$M51+$N51 -> 0.1
B52: 44 | C52: 배수공 | D52: 배수관(흄관/VR) | E52: 원심력 철근콘크리트관 D300 부설 | F52: 부록4 | G52: 32.25 | H52: =IF($F52="부록4",IFERROR(INDEX(③1일작업량DB!$H$6:$H$169,MATCH(SUBSTITUTE($C52&"|"&$D52,"~","~~"),③1일작업량DB!$J$6:$J$169,0)),"-"),"") -> m/일 | J52: =IF($F52="부록4",IFERROR(INDEX(③1일작업량DB!$G$6:$G$169,MATCH(SUBSTITUTE($C52&"|"&$D52,"~","~~"),③1일작업량DB!$J$6:$J$169,0)),""),$I52) -> 43 | K52: 1 | L52: =IFERROR(IF(AND($G52>0,$J52>0,$K52>0),ROUNDUP($G52/($J52*$K52),1),0),0) -> 0.8 | M52: 0 | N52: 0 | O52: =$L52+$M52+$N52 -> 0.8
B53: 45 | C53: 배수공 | D53: 배수관(흄관/VR) | E53: 우수연결관 PVC D250 (직관 5 + 이형관 30) | F53: 부록4 | G53: 24.6 | H53: =IF($F53="부록4",IFERROR(INDEX(③1일작업량DB!$H$6:$H$169,MATCH(SUBSTITUTE($C53&"|"&$D53,"~","~~"),③1일작업량DB!$J$6:$J$169,0)),"-"),"") -> m/일 | J53: =IF($F53="부록4",IFERROR(INDEX(③1일작업량DB!$G$6:$G$169,MATCH(SUBSTITUTE($C53&"|"&$D53,"~","~~"),③1일작업량DB!$J$6:$J$169,0)),""),$I53) -> 43 | K53: 1 | L53: =IFERROR(IF(AND($G53>0,$J53>0,$K53>0),ROUNDUP($G53/($J53*$K53),1),0),0) -> 0.6 | M53: 0 | N53: 0 | O53: =$L53+$M53+$N53 -> 0.6
B54: 46 | C54: 배관 | D54: 관절단·플랜지 접합 | E54: 관절단 D300 4 + D250 10 | F54: 부록4 | G54: 14 | H54: =IF($F54="부록4",IFERROR(INDEX(③1일작업량DB!$H$6:$H$169,MATCH(SUBSTITUTE($C54&"|"&$D54,"~","~~"),③1일작업량DB!$J$6:$J$169,0)),"-"),"") -> 개소/일 | J54: =IF($F54="부록4",IFERROR(INDEX(③1일작업량DB!$G$6:$G$169,MATCH(SUBSTITUTE($C54&"|"&$D54,"~","~~"),③1일작업량DB!$J$6:$J$169,0)),""),$I54) -> 12 | K54: 1 | L54: =IFERROR(IF(AND($G54>0,$J54>0,$K54>0),ROUNDUP($G54/($J54*$K54),1),0),0) -> 1.2 | M54: 0 | N54: 0 | O54: =$L54+$M54+$N54 -> 1.2
B55: 47 | C55: 부대공 | D55: 기존구조물 천공 | E55: 맨홀 천공 D250 | F55: 부록4 | G55: 10 | H55: =IF($F55="부록4",IFERROR(INDEX(③1일작업량DB!$H$6:$H$169,MATCH(SUBSTITUTE($C55&"|"&$D55,"~","~~"),③1일작업량DB!$J$6:$J$169,0)),"-"),"") -> 개소/일 | J55: =IF($F55="부록4",IFERROR(INDEX(③1일작업량DB!$G$6:$G$169,MATCH(SUBSTITUTE($C55&"|"&$D55,"~","~~"),③1일작업량DB!$J$6:$J$169,0)),""),$I55) -> 2 | K55: 1 | L55: =IFERROR(IF(AND($G55>0,$J55>0,$K55>0),ROUNDUP($G55/($J55*$K55),1),0),0) -> 5 | M55: 0 | N55: 0 | O55: =$L55+$M55+$N55 -> 5
B56: 48 | C56: 배수공 | D56: 조립식 PC맨홀 설치 | E56: 1호맨홀 4 + 2호맨홀 1 | F56: 부록4 | G56: 5 | H56: =IF($F56="부록4",IFERROR(INDEX(③1일작업량DB!$H$6:$H$169,MATCH(SUBSTITUTE($C56&"|"&$D56,"~","~~"),③1일작업량DB!$J$6:$J$169,0)),"-"),"") -> 개소/일 | J56: =IF($F56="부록4",IFERROR(INDEX(③1일작업량DB!$G$6:$G$169,MATCH(SUBSTITUTE($C56&"|"&$D56,"~","~~"),③1일작업량DB!$J$6:$J$169,0)),""),$I56) -> 1.5 | K56: 1 | L56: =IFERROR(IF(AND($G56>0,$J56>0,$K56>0),ROUNDUP($G56/($J56*$K56),1),0),0) -> 3.4 | M56: 0 | N56: 0 | O56: =$L56+$M56+$N56 -> 3.4
B57: 49 | C57: 배수공 | D57: 맨홀뚜껑 설치 | E57: Φ648 우수용 | F57: 부록4 | G57: 5 | H57: =IF($F57="부록4",IFERROR(INDEX(③1일작업량DB!$H$6:$H$169,MATCH(SUBSTITUTE($C57&"|"&$D57,"~","~~"),③1일작업량DB!$J$6:$J$169,0)),"-"),"") -> 개소/일 | J57: =IF($F57="부록4",IFERROR(INDEX(③1일작업량DB!$G$6:$G$169,MATCH(SUBSTITUTE($C57&"|"&$D57,"~","~~"),③1일작업량DB!$J$6:$J$169,0)),""),$I57) -> 8 | K57: 1 | L57: =IFERROR(IF(AND($G57>0,$J57>0,$K57>0),ROUNDUP($G57/($J57*$K57),1),0),0) -> 0.7 | M57: 0 | N57: 0 | O57: =$L57+$M57+$N57 -> 0.7
B58: 50 | C58: 배수공 | D58: 관로 부속설치(커넥터 등) | E58: 맨홀 사다리 PE코팅 Φ22 | F58: 부록4 | G58: 39 | H58: =IF($F58="부록4",IFERROR(INDEX(③1일작업량DB!$H$6:$H$169,MATCH(SUBSTITUTE($C58&"|"&$D58,"~","~~"),③1일작업량DB!$J$6:$J$169,0)),"-"),"") -> 개소/일 | J58: =IF($F58="부록4",IFERROR(INDEX(③1일작업량DB!$G$6:$G$169,MATCH(SUBSTITUTE($C58&"|"&$D58,"~","~~"),③1일작업량DB!$J$6:$J$169,0)),""),$I58) -> 10 | K58: 1 | L58: =IFERROR(IF(AND($G58>0,$J58>0,$K58>0),ROUNDUP($G58/($J58*$K58),1),0),0) -> 3.9 | M58: 0 | N58: 0 | O58: =$L58+$M58+$N58 -> 3.9
... B63: 55 | C63: 철근콘크리트 | D63: 합판거푸집 설치(보통) | E63: 날개벽 8.62 + 맨홀뚜껑기초 2.00 | F63: 부록4 | G63: 10.62 | H63: =IF($F63="부록4",IFERROR(INDEX(③1일작업량DB!$H$6:$H$169,MATCH(SUBSTITUTE($C63&"|"&$D63,"~","~~"),③1일작업량DB!$J$6:$J$169,0)),"-"),"") -> ㎡/일 | J63: =IF($F63="부록4",IFERROR(INDEX(③1일작업량DB!$G$6:$G$169,MATCH(SUBSTITUTE($C63&"|"&$D63,"~","~~"),③1일작업량DB!$J$6:$J$169,0)),""),$I63) -> 60 | K63: 1 | L63: =IFERROR(IF(AND($G63>0,$J63>0,$K63>0),ROUNDUP($G63/($J63*$K63),1),0),0) -> 0.2 | M63: 0 | N63: 0 | O63: =$L63+$M63+$N63 -> 0.2
C64: 5.0 가시설공 (처리시설 흙막이) | O64: =SUM(O65:O74) -> 22.1
B65: 56 | C65: 가시설 | D65: 중간말뚝 천공 및 근입 | E65: H-300 토사 136.70 + 연암 22.05 | F65: 부록4 | G65: 158.75 | H65: =IF($F65="부록4",IFERROR(INDEX(③1일작업량DB!$H$6:$H$169,MATCH(SUBSTITUTE($C65&"|"&$D65,"~","~~"),③1일작업량DB!$J$6:$J$169,0)),"-"),"") -> m/일 | J65: =IF($F65="부록4",IFERROR(INDEX(③1일작업량DB!$G$6:$G$169,MATCH(SUBSTITUTE($C65&"|"&$D65,"~","~~"),③1일작업량DB!$J$6:$J$169,0)),""),$I65) -> 85 | K65: 1 | L65: =IFERROR(IF(AND($G65>0,$J65>0,$K65>0),ROUNDUP($G65/($J65*$K65),1),0),0) -> 1.9 | M65: 0 | N65: 0 | O65: =$L65+$M65+$N65 -> 1.9
B66: 57 | C66: 가시설 | D66: 중간말뚝 항타 | E66: H-PILE 측면파일 25본 | F66: 부록4 | G66: 25 | H66: =IF($F66="부록4",IFERROR(INDEX(③1일작업량DB!$H$6:$H$169,MATCH(SUBSTITUTE($C66&"|"&$D66,"~","~~"),③1일작업량DB!$J$6:$J$169,0)),"-"),"") -> 본/일 | J66: =IF($F66="부록4",IFERROR(INDEX(③1일작업량DB!$G$6:$G$169,MATCH(SUBSTITUTE($C66&"|"&$D66,"~","~~"),③1일작업량DB!$J$6:$J$169,0)),""),$I66) -> 10 | K66: 1 | L66: =IFERROR(IF(AND($G66>0,$J66>0,$K66>0),ROUNDUP($G66/($J66*$K66),1),0),0) -> 2.5 | M66: 0 | N66: 0 | O66: =$L66+$M66+$N66 -> 2.5
B67: 58 | C67: 기초 | D67: 강관말뚝 두부정리 | E67: H-PILE 두부정리 25본 | F67: 부록4 | G67: 25 | H67: =IF($F67="부록4",IFERROR(INDEX(③1일작업량DB!$H$6:$H$169,MATCH(SUBSTITUTE($C67&"|"&$D67,"~","~~"),③1일작업량DB!$J$6:$J$169,0)),"-"),"") -> 본/일 | J67: =IF($F67="부록4",IFERROR(INDEX(③1일작업량DB!$G$6:$G$169,MATCH(SUBSTITUTE($C67&"|"&$D67,"~","~~"),③1일작업량DB!$J$6:$J$169,0)),""),$I67) -> 21 | K67: 1 | L67: =IFERROR(IF(AND($G67>0,$J67>0,$K67>0),ROUNDUP($G67/($J67*$K67),1),0),0) -> 1.2 | M67: 0 | N67: 0 | O67: =$L67+$M67+$N67 -> 1.2
B68: 59 | C68: 가시설 | D68: 중간말뚝 인발 | E68: H-PILE 뽑기 25본 (L=171.25m) | F68: 부록4 | G68: 25 | H68: =IF($F68="부록4",IFERROR(INDEX(③1일작업량DB!$H$6:$H$169,MATCH(SUBSTITUTE($C68&"|"&$D68,"~","~~"),③1일작업량DB!$J$6:$J$169,0)),"-"),"") -> 본/일 | J68: =IF($F68="부록4",IFERROR(INDEX(③1일작업량DB!$G$6:$G$169,MATCH(SUBSTITUTE($C68&"|"&$D68,"~","~~"),③1일작업량DB!$J$6:$J$169,0)),""),$I68) -> 12 | K68: 1 | L68: =IFERROR(IF(AND($G68>0,$J68>0,$K68>0),ROUNDUP($G68/($J68*$K68),1),0),0) -> 2.1 | M68: 0 | N68: 0 | O68: =$L68+$M68+$N68 -> 2.1
B69: 60 | C69: 가시설 | D69: 천공홀 되메우기 | E69: 모래 채움 | F69: 부록4 | G69: 158.75 | H69: =IF($F69="부록4",IFERROR(INDEX(③1일작업량DB!$H$6:$H$169,MATCH(SUBSTITUTE($C69&"|"&$D69,"~","~~"),③1일작업량DB!$J$6:$J$169,0)),"-"),"") -> m/일 | J69: =IF($F69="부록4",IFERROR(INDEX(③1일작업량DB!$G$6:$G$169,MATCH(SUBSTITUTE($C69&"|"&$D69,"~","~~"),③1일작업량DB!$J$6:$J$169,0)),""),$I69) -> 200 | K69: 1 | L69: =IFERROR(IF(AND($G69>0,$J69>0,$K69>0),ROUNDUP($G69/($J69*$K69),1),0),0) -> 0.8 | M69: 0 | N69: 0 | O69: =$L69+$M69+$N69 -> 0.8
B70: 61 | C70: 가시설 | D70: 띠장 설치 | E70: H-300 (3m미만4·3~5m6·6~8m4·9~11m4) | F70: 부록4 | G70: 18 | H70: =IF($F70="부록4",IFERROR(INDEX(③1일작업량DB!$H$6:$H$169,MATCH(SUBSTITUTE($C70&"|"&$D70,"~","~~"),③1일작업량DB!$J$6:$J$169,0)),"-"),"") -> 본/일 | J70: =IF($F70="부록4",IFERROR(INDEX(③1일작업량DB!$G$6:$G$169,MATCH(SUBSTITUTE($C70&"|"&$D70,"~","~~"),③1일작업량DB!$J$6:$J$169,0)),""),$I70) -> 6 | K70: 1 | L70: =IFERROR(IF(AND($G70>0,$J70>0,$K70>0),ROUNDUP($G70/($J70*$K70),1),0),0) -> 3 | M70: 0 | N70: 0 | O70: =$L70+$M70+$N70 -> 3
B71: 62 | C71: 가시설 | D71: 띠장 철거 | E71: H-300 18본 | F71: 부록4 | G71: 18 | H71: =IF($F71="부록4",IFERROR(INDEX(③1일작업량DB!$H$6:$H$169,MATCH(SUBSTITUTE($C71&"|"&$D71,"~","~~"),③1일작업량DB!$J$6:$J$169,0)),"-"),"") -> 본/일 | J71: =IF($F71="부록4",IFERROR(INDEX(③1일작업량DB!$G$6:$G$169,MATCH(SUBSTITUTE($C71&"|"&$D71,"~","~~"),③1일작업량DB!$J$6:$J$169,0)),""),$I71) -> 8 | K71: 1 | L71: =IFERROR(IF(AND($G71>0,$J71>0,$K71>0),ROUNDUP($G71/($J71*$K71),1),0),0) -> 2.3 | M71: 0 | N71: 0 | O71: =$L71+$M71+$N71 -> 2.3
B72: 63 | C72: 가시설 | D72: 버팀보 설치 | E72: Main 4 + Corner 8 | F72: 부록4 | G72: 12 | H72: =IF($F72="부록4",IFERROR(INDEX(③1일작업량DB!$H$6:$H$169,MATCH(SUBSTITUTE($C72&"|"&$D72,"~","~~"),③1일작업량DB!$J$6:$J$169,0)),"-"),"") -> 본/일 | J72: =IF($F72="부록4",IFERROR(INDEX(③1일작업량DB!$G$6:$G$169,MATCH(SUBSTITUTE($C72&"|"&$D72,"~","~~"),③1일작업량DB!$J$6:$J$169,0)),""),$I72) -> 5 | K72: 1 | L72: =IFERROR(IF(AND($G72>0,$J72>0,$K72>0),ROUNDUP($G72/($J72*$K72),1),0),0) -> 2.4 | M72: 0 | N72: 0 | O72: =$L72+$M72+$N72 -> 2.4
B73: 64 | C73: 가시설 | D73: 버팀보 철거 | E73: Main 4 + Corner 8 | F73: 부록4 | G73: 12 | H73: =IF($F73="부록4",IFERROR(INDEX(③1일작업량DB!$H$6:$H$169,MATCH(SUBSTITUTE($C73&"|"&$D73,"~","~~"),③1일작업량DB!$J$6:$J$169,0)),"-"),"") -> 본/일 | J73: =IF($F73="부록4",IFERROR(INDEX(③1일작업량DB!$G$6:$G$169,MATCH(SUBSTITUTE($C73&"|"&$D73,"~","~~"),③1일작업량DB!$J$6:$J$169,0)),""),$I73) -> 7 | K73: 1 | L73: =IFERROR(IF(AND($G73>0,$J73>0,$K73>0),ROUNDUP($G73/($J73*$K73),1),0),0) -> 1.8 | M73: 0 | N73: 0 | O73: =$L73+$M73+$N73 -> 1.8
B74: 65 | C74: 가시설 | D74: 토류판 설치 및 철거 | E74: T=100㎜ (실적 40㎡/일) | F74: 품셈·실적 | G74: 162.14 | H74: ㎡/일 | I74: 40 | J74: =IF($F74="부록4",IFERROR(INDEX(③1일작업량DB!$G$6:$G$169,MATCH(SUBSTITUTE($C74&"|"&$D74,"~","~~"),③1일작업량DB!$J$6:$J$169,0)),""),$I74) -> 40 | K74: 1 | L74: =IFERROR(IF(AND($G74>0,$J74>0,$K74>0),ROUNDUP($G74/($J74*$K74),1),0),0) -> 4.1 | M74: 0 | N74: 0 | O74: =$L74+$M74+$N74 -> 4.1
C75: 6.0 포장공 | O75: =SUM(O76:O92) -> 3.7
B76: 66 | C76: 포장 | D76: 아스팔트 보조기층 | E76: 처리장 동상방지층 T=35㎝ | F76: 부록4 | G76: 31.4 | H76: =IF($F76="부록4",IFERROR(INDEX(③1일작업량DB!$H$6:$H$169,MATCH(SUBSTITUTE($C76&"|"&$D76,"~","~~"),③1일작업량DB!$J$6:$J$169,0)),"-"),"") -> ㎥/일 | J76: =IF($F76="부록4",IFERROR(INDEX(③1일작업량DB!$G$6:$G$169,MATCH(SUBSTITUTE($C76&"|"&$D76,"~","~~"),③1일작업량DB!$J$6:$J$169,0)),""),$I76) -> 550 | K76: 1 | L76: =IFERROR(IF(AND($G76>0,$J76>0,$K76>0),ROUNDUP($G76/($J76*$K76),1),0),0) -> 0.1 | M76: 0 | N76: 0 | O76: =$L76+$M76+$N76 -> 0.1
B77: 67 | C77: 포장 | D77: 아스팔트 보조기층 | E77: 처리장 보조기층 T=30㎝ | F77: 부록4 | G77: 26.91 | H77: =IF($F77="부록4",IFERROR(INDEX(③1일작업량DB!$H$6:$H$169,MATCH(SUBSTITUTE($C77&"|"&$D77,"~","~~"),③1일작업량DB!$J$6:$J$169,0)),"-"),"") -> ㎥/일 | J77: =IF($F77="부록4",IFERROR(INDEX(③1일작업량DB!$G$6:$G$169,MATCH(SUBSTITUTE($C77&"|"&$D77,"~","~~"),③1일작업량DB!$J$6:$J$169,0)),""),$I77) -> 550 | K77: 1 | L77: =IFERROR(IF(AND($G77>0,$J77>0,$K77>0),ROUNDUP($G77/($J77*$K77),1),0),0) -> 0.1 | M77: 0 | N77: 0 | O77: =$L77+$M77+$N77 -> 0.1
B78: 68 | C78: 포장 | D78: 프라임코팅 | E78: 처리장 RSC-3 | F78: 부록4 | G78: 89.7 | H78: =IF($F78="부록4",IFERROR(INDEX(③1일작업량DB!$H$6:$H$169,MATCH(SUBSTITUTE($C78&"|"&$D78,"~","~~"),③1일작업량DB!$J$6:$J$169,0)),"-"),"") -> ㎡/일 | J78: =IF($F78="부록4",IFERROR(INDEX(③1일작업량DB!$G$6:$G$169,MATCH(SUBSTITUTE($C78&"|"&$D78,"~","~~"),③1일작업량DB!$J$6:$J$169,0)),""),$I78) -> 3000 | K78: 1 | L78: =IFERROR(IF(AND($G78>0,$J78>0,$K78>0),ROUNDUP($G78/($J78*$K78),1),0),0) -> 0.1 | M78: 0 | N78: 0 | O78: =$L78+$M78+$N78 -> 0.1
B79: 69 | C79: 포장 | D79: 아스팔트 기층(8~10㎝) | E79: 처리장 기층 T=20㎝ | F79: 부록4 | G79: 89.7 | H79: =IF($F79="부록4",IFERROR(INDEX(③1일작업량DB!$H$6:$H$169,MATCH(SUBSTITUTE($C79&"|"&$D79,"~","~~"),③1일작업량DB!$J$6:$J$169,0)),"-"),"") -> ㎡/일 | J79: =IF($F79="부록4",IFERROR(INDEX(③1일작업량DB!$G$6:$G$169,MATCH(SUBSTITUTE($C79&"|"&$D79,"~","~~"),③1일작업량DB!$J$6:$J$169,0)),""),$I79) -> 4500 | K79: 1 | L79: =IFERROR(IF(AND($G79>0,$J79>0,$K79>0),ROUNDUP($G79/($J79*$K79),1),0),0) -> 0.1 | M79: 0 | N79: 0 | O79: =$L79+$M79+$N79 -> 0.1
B80: 70 | C80: 포장 | D80: 택코팅 | E80: 처리장 RSC-4 | F80: 부록4 | G80: 89.7 | H80: =IF($F80="부록4",IFERROR(INDEX(③1일작업량DB!$H$6:$H$169,MATCH(SUBSTITUTE($C80&"|"&$D80,"~","~~"),③1일작업량DB!$J$6:$J$169,0)),"-"),"") -> ㎡/일 | J80: =IF($F80="부록4",IFERROR(INDEX(③1일작업량DB!$G$6:$G$169,MATCH(SUBSTITUTE($C80&"|"&$D80,"~","~~"),③1일작업량DB!$J$6:$J$169,0)),""),$I80) -> 3000 | K80: 1 | L80: =IFERROR(IF(AND($G80>0,$J80>0,$K80>0),ROUNDUP($G80/($J80*$K80),1),0),0) -> 0.1 | M80: 0 | N80: 0 | O80: =$L80+$M80+$N80 -> 0.1
B81: 71 | C81: 포장 | D81: 아스팔트 중간/표층 | E81: 처리장 표층 T=5㎝ | F81: 부록4 | G81: 89.7 | H81: =IF($F81="부록4",IFERROR(INDEX(③1일작업량DB!$H$6:$H$169,MATCH(SUBSTITUTE($C81&"|"&$D81,"~","~~"),③1일작업량DB!$J$6:$J$169,0)),"-"),"") -> ㎡/일 | J81: =IF($F81="부록4",IFERROR(INDEX(③1일작업량DB!$G$6:$G$169,MATCH(SUBSTITUTE($C81&"|"&$D81,"~","~~"),③1일작업량DB!$J$6:$J$169,0)),""),$I81) -> 4800 | K81: 1 | L81: =IFERROR(IF(AND($G81>0,$J81>0,$K81>0),ROUNDUP($G81/($J81*$K81),1),0),0) -> 0.1 | M81: 0 | N81: 0 | O81: =$L81+$M81+$N81 -> 0.1
B82: 72 | C82: 포장 | D82: 포장절단 | E82: A+C 기계절단 | F82: 부록4 | G82: 45.4 | H82: =IF($F82="부록4",IFERROR(INDEX(③1일작업량DB!$H$6:$H$169,MATCH(SUBSTITUTE($C82&"|"&$D82,"~","~~"),③1일작업량DB!$J$6:$J$169,0)),"-"),"") -> m/일 | J82: =IF($F82="부록4",IFERROR(INDEX(③1일작업량DB!$G$6:$G$169,MATCH(SUBSTITUTE($C82&"|"&$D82,"~","~~"),③1일작업량DB!$J$6:$J$169,0)),""),$I82) -> 120 | K82: 1 | L82: =IFERROR(IF(AND($G82>0,$J82>0,$K82>0),ROUNDUP($G82/($J82*$K82),1),0),0) -> 0.4 | M82: 0 | N82: 0 | O82: =$L82+$M82+$N82 -> 0.4
B83: 73 | C83: 포장 | D83: 포장깨기 | E83: ASP 1.226 + Con'c 3.677 | F83: 부록4 | G83: 4.903 | H83: =IF($F83="부록4",IFERROR(INDEX(③1일작업량DB!$H$6:$H$169,MATCH(SUBSTITUTE($C83&"|"&$D83,"~","~~"),③1일작업량DB!$J$6:$J$169,0)),"-"),"") -> ㎥/일 | J83: =IF($F83="부록4",IFERROR(INDEX(③1일작업량DB!$G$6:$G$169,MATCH(SUBSTITUTE($C83&"|"&$D83,"~","~~"),③1일작업량DB!$J$6:$J$169,0)),""),$I83) -> 60 | K83: 1 | L83: =IFERROR(IF(AND($G83>0,$J83>0,$K83>0),ROUNDUP($G83/($J83*$K83),1),0),0) -> 0.1 | M83: 0 | N83: 0 | O83: =$L83+$M83+$N83 -> 0.1
B84: 74 | C84: 포장 | D84: 아스팔트 보조기층 | E84: A+C 보조기층 T=15㎝ | F84: 부록4 | G84: 3.677 | H84: =IF($F84="부록4",IFERROR(INDEX(③1일작업량DB!$H$6:$H$169,MATCH(SUBSTITUTE($C84&"|"&$D84,"~","~~"),③1일작업량DB!$J$6:$J$169,0)),"-"),"") -> ㎥/일 | J84: =IF($F84="부록4",IFERROR(INDEX(③1일작업량DB!$G$6:$G$169,MATCH(SUBSTITUTE($C84&"|"&$D84,"~","~~"),③1일작업량DB!$J$6:$J$169,0)),""),$I84) -> 550 | K84: 1 | L84: =IFERROR(IF(AND($G84>0,$J84>0,$K84>0),ROUNDUP($G84/($J84*$K84),1),0),0) -> 0.1 | M84: 0 | N84: 0 | O84: =$L84+$M84+$N84 -> 0.1
B85: 75 | C85: 포장 | D85: 아스팔트 기층(8~10㎝) | E85: A+C 기층 T=15㎝ | F85: 부록4 | G85: 24.516 | H85: =IF($F85="부록4",IFERROR(INDEX(③1일작업량DB!$H$6:$H$169,MATCH(SUBSTITUTE($C85&"|"&$D85,"~","~~"),③1일작업량DB!$J$6:$J$169,0)),"-"),"") -> ㎡/일 | J85: =IF($F85="부록4",IFERROR(INDEX(③1일작업량DB!$G$6:$G$169,MATCH(SUBSTITUTE($C85&"|"&$D85,"~","~~"),③1일작업량DB!$J$6:$J$169,0)),""),$I85) -> 4500 | K85: 1 | L85: =IFERROR(IF(AND($G85>0,$J85>0,$K85>0),ROUNDUP($G85/($J85*$K85),1),0),0) -> 0.1 | M85: 0 | N85: 0 | O85: =$L85+$M85+$N85 -> 0.1
B86: 76 | C86: 포장 | D86: 아스팔트 중간/표층 | E86: A+C 표층 T=5㎝ | F86: 부록4 | G86: 24.516 | H86: =IF($F86="부록4",IFERROR(INDEX(③1일작업량DB!$H$6:$H$169,MATCH(SUBSTITUTE($C86&"|"&$D86,"~","~~"),③1일작업량DB!$J$6:$J$169,0)),"-"),"") -> ㎡/일 | J86: =IF($F86="부록4",IFERROR(INDEX(③1일작업량DB!$G$6:$G$169,MATCH(SUBSTITUTE($C86&"|"&$D86,"~","~~"),③1일작업량DB!$J$6:$J$169,0)),""),$I86) -> 4800 | K86: 1 | L86: =IFERROR(IF(AND($G86>0,$J86>0,$K86>0),ROUNDUP($G86/($J86*$K86),1),0),0) -> 0.1 | M86: 0 | N86: 0 | O86: =$L86+$M86+$N86 -> 0.1
B87: 77 | C87: 포장 | D87: 프라임코팅 | E87: A+C RSC-3 | F87: 부록4 | G87: 24.516 | H87: =IF($F87="부록4",IFERROR(INDEX(③1일작업량DB!$H$6:$H$169,MATCH(SUBSTITUTE($C87&"|"&$D87,"~","~~"),③1일작업량DB!$J$6:$J$169,0)),"-"),"") -> ㎡/일 | J87: =IF($F87="부록4",IFERROR(INDEX(③1일작업량DB!$G$6:$G$169,MATCH(SUBSTITUTE($C87&"|"&$D87,"~","~~"),③1일작업량DB!$J$6:$J$169,0)),""),$I87) -> 3000 | K87: 1 | L87: =IFERROR(IF(AND($G87>0,$J87>0,$K87>0),ROUNDUP($G87/($J87*$K87),1),0),0) -> 0.1 | M87: 0 | N87: 0 | O87: =$L87+$M87+$N87 -> 0.1
... B92: 82 | C92: 포장 | D92: 차선도색 | E92: 백색실선 | F92: 부록4 | G92: 2.25 | H92: =IF($F92="부록4",IFERROR(INDEX(③1일작업량DB!$H$6:$H$169,MATCH(SUBSTITUTE($C92&"|"&$D92,"~","~~"),③1일작업량DB!$J$6:$J$169,0)),"-"),"") -> ㎡/일 | J92: =IF($F92="부록4",IFERROR(INDEX(③1일작업량DB!$G$6:$G$169,MATCH(SUBSTITUTE($C92&"|"&$D92,"~","~~"),③1일작업량DB!$J$6:$J$169,0)),""),$I92) -> 300 | K92: 1 | L92: =IFERROR(IF(AND($G92>0,$J92>0,$K92>0),ROUNDUP($G92/($J92*$K92),1),0),0) -> 0.1 | M92: 0 | N92: 0 | O92: =$L92+$M92+$N92 -> 0.1
C93: 7.0 부대공 | O93: =SUM(O94:O106) -> 17.6
B94: 83 | C94: 철근콘크리트 | D94: 콘크리트타설(무근,f1-Ⅰ) | E94: 관보호공 25-18-80 | F94: 부록4 | G94: 3.27 | H94: =IF($F94="부록4",IFERROR(INDEX(③1일작업량DB!$H$6:$H$169,MATCH(SUBSTITUTE($C94&"|"&$D94,"~","~~"),③1일작업량DB!$J$6:$J$169,0)),"-"),"") -> ㎥/일 | J94: =IF($F94="부록4",IFERROR(INDEX(③1일작업량DB!$G$6:$G$169,MATCH(SUBSTITUTE($C94&"|"&$D94,"~","~~"),③1일작업량DB!$J$6:$J$169,0)),""),$I94) -> 189 | K94: 1 | L94: =IFERROR(IF(AND($G94>0,$J94>0,$K94>0),ROUNDUP($G94/($J94*$K94),1),0),0) -> 0.1 | M94: 0 | N94: 0 | O94: =$L94+$M94+$N94 -> 0.1
B95: 84 | C95: 철근콘크리트 | D95: 콘크리트타설(철근,f1-Ⅱ) | E95: 관보호공 25-21-80 | F95: 부록4 | G95: 2.65 | H95: =IF($F95="부록4",IFERROR(INDEX(③1일작업량DB!$H$6:$H$169,MATCH(SUBSTITUTE($C95&"|"&$D95,"~","~~"),③1일작업량DB!$J$6:$J$169,0)),"-"),"") -> ㎥/일 | J95: =IF($F95="부록4",IFERROR(INDEX(③1일작업량DB!$G$6:$G$169,MATCH(SUBSTITUTE($C95&"|"&$D95,"~","~~"),③1일작업량DB!$J$6:$J$169,0)),""),$I95) -> 130 | K95: 1 | L95: =IFERROR(IF(AND($G95>0,$J95>0,$K95>0),ROUNDUP($G95/($J95*$K95),1),0),0) -> 0.1 | M95: 0 | N95: 0 | O95: =$L95+$M95+$N95 -> 0.1
B96: 85 | C96: 철근콘크리트 | D96: 철근가공 | E96: 관보호공(간단) | F96: 부록4 | G96: 0.19 | H96: =IF($F96="부록4",IFERROR(INDEX(③1일작업량DB!$H$6:$H$169,MATCH(SUBSTITUTE($C96&"|"&$D96,"~","~~"),③1일작업량DB!$J$6:$J$169,0)),"-"),"") -> ton/일 | J96: =IF($F96="부록4",IFERROR(INDEX(③1일작업량DB!$G$6:$G$169,MATCH(SUBSTITUTE($C96&"|"&$D96,"~","~~"),③1일작업량DB!$J$6:$J$169,0)),""),$I96) -> 4 | K96: 1 | L96: =IFERROR(IF(AND($G96>0,$J96>0,$K96>0),ROUNDUP($G96/($J96*$K96),1),0),0) -> 0.1 | M96: 0 | N96: 0 | O96: =$L96+$M96+$N96 -> 0.1
B97: 86 | C97: 철근콘크리트 | D97: 합판거푸집 설치(보통) | E97: 관보호공 합판 6회 | F97: 부록4 | G97: 24.67 | H97: =IF($F97="부록4",IFERROR(INDEX(③1일작업량DB!$H$6:$H$169,MATCH(SUBSTITUTE($C97&"|"&$D97,"~","~~"),③1일작업량DB!$J$6:$J$169,0)),"-"),"") -> ㎡/일 | J97: =IF($F97="부록4",IFERROR(INDEX(③1일작업량DB!$G$6:$G$169,MATCH(SUBSTITUTE($C97&"|"&$D97,"~","~~"),③1일작업량DB!$J$6:$J$169,0)),""),$I97) -> 60 | K97: 1 | L97: =IFERROR(IF(AND($G97>0,$J97>0,$K97>0),ROUNDUP($G97/($J97*$K97),1),0),0) -> 0.5 | M97: 0 | N97: 0 | O97: =$L97+$M97+$N97 -> 0.5
B98: 87 | C98: 부대공 | D98: 메쉬휀스 설치 | E98: H=2.0m W=2.0m, 28경간 (L=55.4m) | F98: 부록4 | G98: 28 | H98: =IF($F98="부록4",IFERROR(INDEX(③1일작업량DB!$H$6:$H$169,MATCH(SUBSTITUTE($C98&"|"&$D98,"~","~~"),③1일작업량DB!$J$6:$J$169,0)),"-"),"") -> 경간/일 | J98: =IF($F98="부록4",IFERROR(INDEX(③1일작업량DB!$G$6:$G$169,MATCH(SUBSTITUTE($C98&"|"&$D98,"~","~~"),③1일작업량DB!$J$6:$J$169,0)),""),$I98) -> 8 | K98: 1 | L98: =IFERROR(IF(AND($G98>0,$J98>0,$K98>0),ROUNDUP($G98/($J98*$K98),1),0),0) -> 3.5 | M98: 0 | N98: 0 | O98: =$L98+$M98+$N98 -> 3.5
B99: 88 | C99: 부대공 | D99: 출입문 설치 | E99: H=2.0m W=6.0m (실적 1개소/일) | F99: 품셈·실적 | G99: 1 | H99: 개소/일 | I99: 1 | J99: =IF($F99="부록4",IFERROR(INDEX(③1일작업량DB!$G$6:$G$169,MATCH(SUBSTITUTE($C99&"|"&$D99,"~","~~"),③1일작업량DB!$J$6:$J$169,0)),""),$I99) -> 1 | K99: 1 | L99: =IFERROR(IF(AND($G99>0,$J99>0,$K99>0),ROUNDUP($G99/($J99*$K99),1),0),0) -> 1 | M99: 0 | N99: 0 | O99: =$L99+$M99+$N99 -> 1
B100: 89 | C100: 부대공 | D100: 바닥보호공 설치 | E100: 사석+필터매트 (실적 1개소/일) | F100: 품셈·실적 | G100: 2 | H100: 개소/일 | I100: 1 | J100: =IF($F100="부록4",IFERROR(INDEX(③1일작업량DB!$G$6:$G$169,MATCH(SUBSTITUTE($C100&"|"&$D100,"~","~~"),③1일작업량DB!$J$6:$J$169,0)),""),$I100) -> 1 | K100: 1 | L100: =IFERROR(IF(AND($G100>0,$J100>0,$K100>0),ROUNDUP($G100/($J100*$K100),1),0),0) -> 2 | M100: 0 | N100: 0 | O100: =$L100+$M100+$N100 -> 2
B101: 90 | C101: 부대공 | D101: 공사중 안전난간 설치/철거 | E101: H=1.20m (실적 50m/일) | F101: 품셈·실적 | G101: 100 | H101: m/일 | I101: 50 | J101: =IF($F101="부록4",IFERROR(INDEX(③1일작업량DB!$G$6:$G$169,MATCH(SUBSTITUTE($C101&"|"&$D101,"~","~~"),③1일작업량DB!$J$6:$J$169,0)),""),$I101) -> 50 | K101: 1 | L101: =IFERROR(IF(AND($G101>0,$J101>0,$K101>0),ROUNDUP($G101/($J101*$K101),1),0),0) -> 2 | M101: 0 | N101: 0 | O101: =$L101+$M101+$N101 -> 2
B102: 91 | C102: 부대공 | D102: 공사안내판 설치/철거 | E102: 설명판 2 + 안내표지 2 + 교통안전표지 2 | F102: 부록4 | G102: 6 | H102: =IF($F102="부록4",IFERROR(INDEX(③1일작업량DB!$H$6:$H$169,MATCH(SUBSTITUTE($C102&"|"&$D102,"~","~~"),③1일작업량DB!$J$6:$J$169,0)),"-"),"") -> 개소/일 | J102: =IF($F102="부록4",IFERROR(INDEX(③1일작업량DB!$G$6:$G$169,MATCH(SUBSTITUTE($C102&"|"&$D102,"~","~~"),③1일작업량DB!$J$6:$J$169,0)),""),$I102) -> 2 | K102: 1 | L102: =IFERROR(IF(AND($G102>0,$J102>0,$K102>0),ROUNDUP($G102/($J102*$K102),1),0),0) -> 3 | M102: 0 | N102: 0 | O102: =$L102+$M102+$N102 -> 3
B103: 92 | C103: 부대공 | D103: 지장물보호공 | E103: Φ400 이하 (실적 20m/일) | F103: 품셈·실적 | G103: 10 | H103: m/일 | I103: 20 | J103: =IF($F103="부록4",IFERROR(INDEX(③1일작업량DB!$G$6:$G$169,MATCH(SUBSTITUTE($C103&"|"&$D103,"~","~~"),③1일작업량DB!$J$6:$J$169,0)),""),$I103) -> 20 | K103: 1 | L103: =IFERROR(IF(AND($G103>0,$J103>0,$K103>0),ROUNDUP($G103/($J103*$K103),1),0),0) -> 0.5 | M103: 0 | N103: 0 | O103: =$L103+$M103+$N103 -> 0.5
B104: 93 | C104: 부대공 | D104: 줄파기 | E104: L=109.4m (실적 50m/일) | F104: 품셈·실적 | G104: 109.4 | H104: m/일 | I104: 50 | J104: =IF($F104="부록4",IFERROR(INDEX(③1일작업량DB!$G$6:$G$169,MATCH(SUBSTITUTE($C104&"|"&$D104,"~","~~"),③1일작업량DB!$J$6:$J$169,0)),""),$I104) -> 50 | K104: 1 | L104: =IFERROR(IF(AND($G104>0,$J104>0,$K104>0),ROUNDUP($G104/($J104*$K104),1),0),0) -> 2.2 | M104: 0 | N104: 0 | O104: =$L104+$M104+$N104 -> 2.2
B105: 94 | C105: 부대공 | D105: CCTV 조사 | E105: Φ800 이하 (실적 200m/일) | F105: 품셈·실적 | G105: 109.4 | H105: m/일 | I105: 200 | J105: =IF($F105="부록4",IFERROR(INDEX(③1일작업량DB!$G$6:$G$169,MATCH(SUBSTITUTE($C105&"|"&$D105,"~","~~"),③1일작업량DB!$J$6:$J$169,0)),""),$I105) -> 200 | K105: 1 | L105: =IFERROR(IF(AND($G105>0,$J105>0,$K105>0),ROUNDUP($G105/($J105*$K105),1),0),0) -> 0.6 | M105: 0 | N105: 0 | O105: =$L105+$M105+$N105 -> 0.6
B106: 95 | C106: 부대공 | D106: 수압·수밀시험 | E106: 수밀 1 + 수압 1 + 공기압 4 | F106: 부록4 | G106: 6 | H106: =IF($F106="부록4",IFERROR(INDEX(③1일작업량DB!$H$6:$H$169,MATCH(SUBSTITUTE($C106&"|"&$D106,"~","~~"),③1일작업량DB!$J$6:$J$169,0)),"-"),"") -> 개소/일 | J106: =IF($F106="부록4",IFERROR(INDEX(③1일작업량DB!$G$6:$G$169,MATCH(SUBSTITUTE($C106&"|"&$D106,"~","~~"),③1일작업량DB!$J$6:$J$169,0)),""),$I106) -> 3 | K106: 1 | L106: =IFERROR(IF(AND($G106>0,$J106>0,$K106>0),ROUNDUP($G106/($J106*$K106),1),0),0) -> 2 | M106: 0 | N106: 0 | O106: =$L106+$M106+$N106 -> 2
C107: 8.1 오수관로 - 관로 토공 | O107: =SUM(O108:O115) -> 35.9
